Workbook

Sheet Executive Summary
A1: Deep Materials Engineering Analysis, Standards Verification & Industry Report
A2: Basis: uploaded 'mechanical_materials_properties_tests_master_list.xlsx' (132 grades) + master prompt. Prepared 21 Oct 2026.
A4: 1. Scope and objectives
A5: Scope | B5: Audit and enrich the supplied 132-grade master list: qualified crystal/grain structure, property database, formula register with independent checks, testing-method register, standards audit, error log, industry considerations and application-based selection. Built as a clearly scoped, source-labelled workbook rather than a claim of full completeness.
A7: 2. Key figures (live formulas)
A8: Material grades reviewed (supplied list) | B8: =COUNTA('Master Material Database'!$B$5:$B$136) -> 132
A9: Gap-list grades suggested (not counted) | B9: =COUNTIF('Master Material Database'!$I$5:$I$154,"Not applicable (gap list)") -> 16
A10: Property records (grade/condition rows) | B10: =COUNTA('Material Properties'!$C$5:$C$200) -> 80
A11: Numeric property values recorded | B11: =COUNT('Material Properties'!$F$5:$F$200,'Material Properties'!$H$5:$I$200,'Material Properties'!$K$5:$N$200,'Material Properties'!$P$5:$R$200) -> 508
A12: Grain / crystal-structure family records | B12: =COUNTA('Grain & Crystal Structure'!$B$5:$B$37) -> 33
A13: Formula blocks / independent checks executed | B13: =COUNTIF('Formulas & Worked Examples'!$H$5:$H$400,"Verified")+COUNTIF('Formulas & Worked Examples'!$H$5:$H$400,"Incorrect") -> 19
A14: Testing-method rows | B14: =COUNTA('Testing Methods'!$B$5:$B$200) -> 44
A15: Standards reviewed (14 supplied + supporting) | B15: =COUNTA('Standards Verification'!$B$5:$B$200) -> 27
A16: Errors / corrections logged | B16: =COUNTA('Errors & Corrections'!$B$5:$B$200) -> 22
A17: Industry-consideration entries (advisory) | B17: =COUNTA('Industry Considerations'!$B$5:$B$200) -> 35
A19: 3. Verification status and coverage by domain
A20: Domain | B20: Items reviewed | C20: Verified | D20: Conditionally verified | E20: Incorrect | F20: Unverified | G20: Strict Cv | H20: Conditional Cv | I20: Reconciles?
A21: Master-list designations | B21: =COUNTA('Master Material Database'!$I$5:$I$136) -> 132 | C21: =COUNTIF('Master Material Database'!$I$5:$I$136,"Verified") -> 0 | D21: =COUNTIF('Master Material Database'!$I$5:$I$136,"Conditionally verified") -> 103 | E21: =COUNTIF('Master Material Database'!$I$5:$I$136,"Incorrect") -> 3 | F21: =COUNTIF('Master Material Database'!$I$5:$I$136,"Unverified") -> 26 | G21: =IF(B21>0,C21/B21,0) -> 0 | H21: =IF(B21>0,(C21+D21)/B21,0) -> 0.78030303 | I21: =IF(B21=SUM(C21:F21),"OK","CHECK") -> OK
A22: Property records (Sheet 3) | B22: =COUNTA('Material Properties'!$Z$5:$Z$200) -> 80 | C22: =COUNTIF('Material Properties'!$Z$5:$Z$200,"Verified") -> 0 | D22: =COUNTIF('Material Properties'!$Z$5:$Z$200,"Conditionally verified") -> 54 | E22: =COUNTIF('Material Properties'!$Z$5:$Z$200,"Incorrect") -> 0 | F22: =COUNTIF('Material Properties'!$Z$5:$Z$200,"Unverified") -> 26 | G22: =IF(B22>0,C22/B22,0) -> 0 | H22: =IF(B22>0,(C22+D22)/B22,0) -> 0.675 | I22: =IF(B22=SUM(C22:F22),"OK","CHECK") -> OK
A23: Grain / crystal-structure records | B23: =COUNTA('Grain & Crystal Structure'!$K$5:$K$37) -> 33 | C23: =COUNTIF('Grain & Crystal Structure'!$K$5:$K$37,"Verified") -> 0 | D23: =COUNTIF('Grain & Crystal Structure'!$K$5:$K$37,"Conditionally verified") -> 33 | E23: =COUNTIF('Grain & Crystal Structure'!$K$5:$K$37,"Incorrect") -> 0 | F23: =COUNTIF('Grain & Crystal Structure'!$K$5:$K$37,"Unverified") -> 0 | G23: =IF(B23>0,C23/B23,0) -> 0 | H23: =IF(B23>0,(C23+D23)/B23,0) -> 1 | I23: =IF(B23=SUM(C23:F23),"OK","CHECK") -> OK
A24: Formula checks (Sheet 5) | B24: =SUM(C24:F24) -> 19 | C24: =COUNTIF('Formulas & Worked Examples'!$H$5:$H$400,"Verified") -> 19 | D24: =COUNTIF('Formulas & Worked Examples'!$H$5:$H$400,"Conditionally verified") -> 0 | E24: =COUNTIF('Formulas & Worked Examples'!$H$5:$H$400,"Incorrect") -> 0 | F24: =COUNTIF('Formulas & Worked Examples'!$H$5:$H$400,"Unverified") -> 0 | G24: =IF(B24>0,C24/B24,0) -> 1 | H24: =IF(B24>0,(C24+D24)/B24,0) -> 1 | I24: =IF(B24=SUM(C24:F24),"OK","CHECK") -> OK
A25: Testing-method references | B25: =COUNTA('Testing Methods'!$K$5:$K$200) -> 44 | C25: =COUNTIF('Testing Methods'!$K$5:$K$200,"Verified") -> 0 | D25: =COUNTIF('Testing Methods'!$K$5:$K$200,"Conditionally verified") -> 35 | E25: =COUNTIF('Testing Methods'!$K$5:$K$200,"Incorrect") -> 0 | F25: =COUNTIF('Testing Methods'!$K$5:$K$200,"Unverified") -> 9 | G25: =IF(B25>0,C25/B25,0) -> 0 | H25: =IF(B25>0,(C25+D25)/B25,0) -> 0.79545455 | I25: =IF(B25=SUM(C25:F25),"OK","CHECK") -> OK
A26: Standards (supplied + supporting) | B26: =COUNTA('Standards Verification'!$L$5:$L$200) -> 27 | C26: =COUNTIF('Standards Verification'!$L$5:$L$200,"Verified") -> 0 | D26: =COUNTIF('Standards Verification'!$L$5:$L$200,"Conditionally verified") -> 25 | E26: =COUNTIF('Standards Verification'!$L$5:$L$200,"Incorrect") -> 0 | F26: =COUNTIF('Standards Verification'!$L$5:$L$200,"Unverified") -> 2 | G26: =IF(B26>0,C26/B26,0) -> 0 | H26: =IF(B26>0,(C26+D26)/B26,0) -> 0.92592593 | I26: =IF(B26=SUM(C26:F26),"OK","CHECK") -> OK
A27: TOTAL | B27: =SUM(B21:B26) -> 335 | C27: =SUM(C21:C26) -> 19 | D27: =SUM(D21:D26) -> 250 | E27: =SUM(E21:E26) -> 3 | F27: =SUM(F21:F26) -> 63 | G27: =IF(B27>0,C27/B27,0) -> 0.056716418 | H27: =IF(B27>0,(C27+D27)/B27,0) -> 0.80298507 | I27: =IF(B27=SUM(C27:F27),"OK","CHECK") -> OK
A29: Counting rule | B29: Cv(strict) = N_verified / N_items_reviewed × 100% — 'Verified' means checked against an authoritative document or independently recalculated (all current Verified items are arithmetic/unit checks). Cv(conditional) = (Verified + Conditionally verified) / N_items. Gap-list grades (not in upload) and advisory industry rows are excluded because they are suggestions, not reviewed items. Items are not weighted.
A30: Accuracy vs coverage | B30: Verification coverage is NOT numerical accuracy. Numerical accuracy was not measured (no reference dataset or measurement comparison); property values are recalled handbook/standard values with stated confidence.
A31: Why 90–95% was not reached | B31: No network/authoritative-document access in this session, so standards and datasheet values could not be checked against BIS/ASTM/manufacturer documents. Conditional coverage shows how much is consistent with recalled knowledge; the gap to strict coverage is the remaining verification work (Sheet 11, unresolved items).
A33: 4. Major corrections (details in Sheet 8)
A34: • EN8/EN19/EN24 are withdrawn BS 970 designations — replaced by EN 10083 grades (similar, not identical).
A35: • '/' pairs (1045/C45, 4140/42CrMo4, 52100/100Cr6) are similar, not equivalent.
A36: • 'SS 2xx/3xx' is not a standard designation — use ASTM A240 type/UNS/EN 10088/IS 6911.
A37: • IS 2062 E250/E350 are incomplete without quality designation; 17-4 PH needs ageing condition; 2205 has UNS S32205 and S31803.
A38: • ASTM B117 is an apparatus practice (no pass/fail); ASTM E3 is a Guide; ASTM E164 and IS 1865 status unverified.
A39: • Under-specified items (CoCr, graphite, CBN/PCD, composites, ceramics) cannot carry grade-specific properties.
A41: 5. Important limitations
A42: • Values are recalled typical/specified figures; none re-fetched; no publication dates recorded.
A43: • Standard editions are recalled and may be outdated; paywalled texts were not examined.
A44: • Fatigue, impact and fracture-toughness values are largely not recorded (grade/condition/test-specific).
A45: • Typical values are not guaranteed minimum design properties; use product-standard minima/design allowables.
A46: • Polymers, ceramics, composites are datasheet/grade dependent — ranges are indicative (Low confidence).

Sheet Master Material Database
A1: Sheet 2 — Master Material Database (132 supplied grades + reviewer gap list)
A2: One row per supplied designation. Crystal structure/phase text is qualified by condition — no single structure is assigned to a whole alloy family. Statuses: see Executive Summary definitions.
A4: No. | B4: Designation (as supplied) | C4: Corrected / preferred designation | D4: Material family (supplied) | E4: Candidate governing standards (recalled; verify) | F4: Crystal structure at RT (qualified) | G4: Phases & typical grain / microstructure | H4: Property rows in Sheet 3 [calc] | I4: Designation verification status | J4: Reviewer note
A5: 1 | B5: AISI 1006 | C5: AISI/SAE 1006 (UNS G10060) | D5: Low-carbon steel | E5: ASTM A29/A29M (bar chemistry); A1008/A1011 (sheet); SAE J403 | F5: BCC α-ferrite + orthorhombic Fe3C (cementite) in pearlite | G5: Ferrite-dominant with minor pearlite; equiaxed ferrite grains (hot-rolled/normalised) or elongated (cold-worked). Grain size set by processing — specify per ASTM E112. | H5: =COUNTIF('Material Properties'!$B$5:$B$200,A5) -> 0 | I5: Conditionally verified | J5: Mostly flat-rolled; temper/finish must be stated.
A6: 2 | B6: AISI 1008 | C6: AISI/SAE 1008 (UNS G10080) | D6: Low-carbon steel | E6: ASTM A29/A29M; A1008/A1011; SAE J403 | F6: BCC α-ferrite + orthorhombic Fe3C (cementite) in pearlite | G6: Ferrite-dominant with minor pearlite; equiaxed ferrite grains (hot-rolled/normalised) or elongated (cold-worked). Grain size set by processing — specify per ASTM E112. | H6: =COUNTIF('Material Properties'!$B$5:$B$200,A6) -> 0 | I6: Conditionally verified | J6: Deep-drawing/sheet use.
A7: 3 | B7: AISI 1010 | C7: AISI/SAE 1010 (UNS G10100) | D7: Low-carbon steel | E7: ASTM A29/A29M; A108 (cold-finished) | F7: BCC α-ferrite + orthorhombic Fe3C (cementite) in pearlite | G7: Ferrite-dominant with minor pearlite; equiaxed ferrite grains (hot-rolled/normalised) or elongated (cold-worked). Grain size set by processing — specify per ASTM E112. | H7: =COUNTIF('Material Properties'!$B$5:$B$200,A7) -> 0 | I7: Conditionally verified | J7: Case-hardenable.
A8: 4 | B8: AISI 1018 | C8: AISI/SAE 1018 (UNS G10180) | D8: Low-carbon steel | E8: ASTM A29/A29M; A108 | F8: BCC α-ferrite + orthorhombic Fe3C (cementite) in pearlite | G8: Ferrite-dominant with minor pearlite; equiaxed ferrite grains (hot-rolled/normalised) or elongated (cold-worked). Grain size set by processing — specify per ASTM E112. | H8: =COUNTIF('Material Properties'!$B$5:$B$200,A8) -> 1 | I8: Conditionally verified | J8: Hot-rolled vs cold-drawn properties differ substantially.
A9: 5 | B9: AISI 1020 | C9: AISI/SAE 1020 (UNS G10200) | D9: Low-carbon steel | E9: ASTM A29/A29M; A108 | F9: BCC α-ferrite + orthorhombic Fe3C (cementite) in pearlite | G9: Ferrite-dominant with minor pearlite; equiaxed ferrite grains (hot-rolled/normalised) or elongated (cold-worked). Grain size set by processing — specify per ASTM E112. | H9: =COUNTIF('Material Properties'!$B$5:$B$200,A9) -> 0 | I9: Conditionally verified | J9: Case-hardening response is limited vs alloy steels.
A10: 6 | B10: AISI 1025 | C10: AISI/SAE 1025 (UNS G10250) | D10: Carbon steel | E10: ASTM A29/A29M | F10: BCC α-ferrite + orthorhombic Fe3C (cementite) in pearlite | G10: Ferrite-dominant with minor pearlite; equiaxed ferrite grains (hot-rolled/normalised) or elongated (cold-worked). Grain size set by processing — specify per ASTM E112. | H10: =COUNTIF('Material Properties'!$B$5:$B$200,A10) -> 0 | I10: Conditionally verified
A11: 7 | B11: AISI 1035 | C11: AISI/SAE 1035 (UNS G10350) | D11: Medium-carbon steel | E11: ASTM A29/A29M | F11: BCC α-ferrite + Fe3C (pearlite); BCT martensite if quenched | G11: Ferrite + pearlite (lever-rule estimate ≈44% pearlite at 0.35%C, ≈64% at 0.50%C); tempered martensite after Q&T. Hardenability is carbon-controlled (modest). | H11: =COUNTIF('Material Properties'!$B$5:$B$200,A11) -> 0 | I11: Conditionally verified
A12: 8 | B12: AISI 1040 | C12: AISI/SAE 1040 (UNS G10400) | D12: Medium-carbon steel | E12: ASTM A29/A29M | F12: BCC α-ferrite + Fe3C (pearlite); BCT martensite if quenched | G12: Ferrite + pearlite (lever-rule estimate ≈44% pearlite at 0.35%C, ≈64% at 0.50%C); tempered martensite after Q&T. Hardenability is carbon-controlled (modest). | H12: =COUNTIF('Material Properties'!$B$5:$B$200,A12) -> 0 | I12: Conditionally verified
A13: 9 | B13: AISI 1045 / C45 | C13: AISI/SAE 1045 (UNS G10450). EN C45 (1.0503) is similar, NOT identical | D13: Medium-carbon steel | E13: ASTM A29/A29M; EN 10083-2 (C45) | F13: BCC α-ferrite + Fe3C (pearlite); BCT martensite if quenched | G13: Ferrite + pearlite (lever-rule estimate ≈44% pearlite at 0.35%C, ≈64% at 0.50%C); tempered martensite after Q&T. Hardenability is carbon-controlled (modest). | H13: =COUNTIF('Material Properties'!$B$5:$B$200,A13) -> 1 | I13: Conditionally verified | J13: Slash implies equivalence — see Errors E02.
A14: 10 | B14: AISI 1050 | C14: AISI/SAE 1050 (UNS G10500) | D14: Medium-carbon steel | E14: ASTM A29/A29M | F14: BCC α-ferrite + Fe3C (pearlite); BCT martensite if quenched | G14: Ferrite + pearlite (lever-rule estimate ≈44% pearlite at 0.35%C, ≈64% at 0.50%C); tempered martensite after Q&T. Hardenability is carbon-controlled (modest). | H14: =COUNTIF('Material Properties'!$B$5:$B$200,A14) -> 0 | I14: Conditionally verified
A15: 11 | B15: AISI 1060 | C15: AISI/SAE 1060 (UNS G10600) | D15: High-carbon steel | E15: ASTM A29/A29M | F15: BCC α-ferrite + Fe3C; BCT martensite if quenched | G15: Mostly pearlite (≈77% at 0.60%C by lever rule); fine pearlite/spheroidised or tempered martensite for springs/wear parts. | H15: =COUNTIF('Material Properties'!$B$5:$B$200,A15) -> 0 | I15: Conditionally verified
A16: 12 | B16: IS 2062 E250 | C16: IS 2062:2011 E250 + quality designation (A / BR / B0 / C) | D16: Structural steel | E16: IS 2062 (hot-rolled structural steel); impact/test options depend on quality designation | F16: BCC α-ferrite + orthorhombic Fe3C (cementite) in pearlite | G16: Ferrite-dominant with minor pearlite; equiaxed ferrite grains (hot-rolled/normalised) or elongated (cold-worked). Grain size set by processing — specify per ASTM E112. | H16: =COUNTIF('Material Properties'!$B$5:$B$200,A16) -> 1 | I16: Conditionally verified | J16: Grade without quality designation is incomplete; min. yield falls with thickness (E1).
A17: 13 | B17: IS 2062 E350 | C17: IS 2062:2011 E350 + quality designation | D17: Structural steel | E17: IS 2062 | F17: BCC ferrite + pearlite/bainite; fine Nb/V/Ti carbonitride precipitates | G17: Fine-grained ferrite-pearlite from controlled rolling; strength from grain refinement + precipitation. Weld HAZ grain coarsening can reduce toughness. | H17: =COUNTIF('Material Properties'!$B$5:$B$200,A17) -> 1 | I17: Conditionally verified | J17: As E250; check thickness bands.
A18: 14 | B18: ASTM A36 | C18: ASTM A36/A36M | D18: Structural steel | E18: ASTM A36/A36M | F18: BCC α-ferrite + orthorhombic Fe3C (cementite) in pearlite | G18: Ferrite-dominant with minor pearlite; equiaxed ferrite grains (hot-rolled/normalised) or elongated (cold-worked). Grain size set by processing — specify per ASTM E112. | H18: =COUNTIF('Material Properties'!$B$5:$B$200,A18) -> 1 | I18: Conditionally verified | J18: Plate/shapes/bar; Charpy not required unless ordered.
A19: 15 | B19: ASTM A572 Grade 50 | C19: ASTM A572/A572M Grade 50 | D19: HSLA structural steel | E19: ASTM A572/A572M | F19: BCC ferrite + pearlite/bainite; fine Nb/V/Ti carbonitride precipitates | G19: Fine-grained ferrite-pearlite from controlled rolling; strength from grain refinement + precipitation. Weld HAZ grain coarsening can reduce toughness. | H19: =COUNTIF('Material Properties'!$B$5:$B$200,A19) -> 1 | I19: Conditionally verified | J19: Type (1–5) chemistry should be stated.
A20: 16 | B20: AISI 4130 | C20: AISI/SAE 4130 (UNS G41300) | D20: Cr-Mo alloy steel | E20: ASTM A29/A29M; tubing ASTM A519 | F20: Tempered martensite: BCC ferrite matrix + alloy carbides (as-quenched martensite is BCT) | G20: Q&T gives tempered martensite/bainite; prior-austenite grain size controls toughness. Risks: temper embrittlement, quench cracking, hydrogen embrittlement at high strength. | H20: =COUNTIF('Material Properties'!$B$5:$B$200,A20) -> 1 | I20: Conditionally verified | J20: Weld preheat/PWHT needed for thick sections.
A21: 17 | B21: AISI 4140 / 42CrMo4 | C21: AISI/SAE 4140 (UNS G41400). EN 42CrMo4 (1.7225) is similar, NOT identical | D21: Cr-Mo alloy steel | E21: ASTM A29/A29M; EN 10083-3 (42CrMo4) | F21: Tempered martensite: BCC ferrite matrix + alloy carbides (as-quenched martensite is BCT) | G21: Q&T gives tempered martensite/bainite; prior-austenite grain size controls toughness. Risks: temper embrittlement, quench cracking, hydrogen embrittlement at high strength. | H21: =COUNTIF('Material Properties'!$B$5:$B$200,A21) -> 2 | I21: Conditionally verified | J21: Cr/Mo/Mn/C ranges differ slightly — see Errors E03.
A22: 18 | B22: AISI 4340 | C22: AISI/SAE 4340 (UNS G43400) | D22: Ni-Cr-Mo alloy steel | E22: ASTM A29/A29M | F22: Tempered martensite: BCC ferrite matrix + alloy carbides (as-quenched martensite is BCT) | G22: Q&T gives tempered martensite/bainite; prior-austenite grain size controls toughness. Risks: temper embrittlement, quench cracking, hydrogen embrittlement at high strength. | H22: =COUNTIF('Material Properties'!$B$5:$B$200,A22) -> 1 | I22: Conditionally verified | J22: High hardenability; hydrogen-embrittlement sensitive at high strength.
A23: 19 | B23: AISI 8620 | C23: AISI/SAE 8620 (UNS G86200) | D23: Case-hardening alloy steel | E23: ASTM A29/A29M | F23: Case: high-C tempered martensite (BCT→BCC) + carbides + retained austenite (FCC). Core: low-C martensite/bainite/ferrite | G23: Carburised case (~0.8%C at surface) over a tough low-carbon core; retained austenite, carbide networks and grain-boundary oxidation must be controlled; grinding burn risk. | H23: =COUNTIF('Material Properties'!$B$5:$B$200,A23) -> 1 | I23: Conditionally verified | J23: Gear/shaft case-hardening steel.
A24: 20 | B24: AISI 9310 | C24: AISI/SAE 9310 (UNS G93100) | D24: Case-hardening gear steel | E24: ASTM A29/A29M (aerospace gear grade often per AMS) | F24: Case: high-C tempered martensite (BCT→BCC) + carbides + retained austenite (FCC). Core: low-C martensite/bainite/ferrite | G24: Carburised case (~0.8%C at surface) over a tough low-carbon core; retained austenite, carbide networks and grain-boundary oxidation must be controlled; grinding burn risk. | H24: =COUNTIF('Material Properties'!$B$5:$B$200,A24) -> 0 | I24: Conditionally verified | J24: Heavy-duty/aero gears; vacuum-melt versions exist.
A25: 21 | B25: 16MnCr5 | C25: 16MnCr5 (1.7131) | D25: Case-hardening steel | E25: EN 10084 (case-hardening steels) | F25: Case: high-C tempered martensite (BCT→BCC) + carbides + retained austenite (FCC). Core: low-C martensite/bainite/ferrite | G25: Carburised case (~0.8%C at surface) over a tough low-carbon core; retained austenite, carbide networks and grain-boundary oxidation must be controlled; grinding burn risk. | H25: =COUNTIF('Material Properties'!$B$5:$B$200,A25) -> 0 | I25: Conditionally verified
A26: 22 | B26: 20MnCr5 | C26: 20MnCr5 (1.7147) | D26: Case-hardening steel | E26: EN 10084 | F26: Case: high-C tempered martensite (BCT→BCC) + carbides + retained austenite (FCC). Core: low-C martensite/bainite/ferrite | G26: Carburised case (~0.8%C at surface) over a tough low-carbon core; retained austenite, carbide networks and grain-boundary oxidation must be controlled; grinding burn risk. | H26: =COUNTIF('Material Properties'!$B$5:$B$200,A26) -> 0 | I26: Conditionally verified
A27: 23 | B27: 40Cr | C27: 40Cr (China, GB/T 3077) | D27: Alloy steel | E27: GB/T 3077 (China) | F27: Tempered martensite: BCC ferrite matrix + alloy carbides (as-quenched martensite is BCT) | G27: Q&T gives tempered martensite/bainite; prior-austenite grain size controls toughness. Risks: temper embrittlement, quench cracking, hydrogen embrittlement at high strength. | H27: =COUNTIF('Material Properties'!$B$5:$B$200,A27) -> 0 | I27: Conditionally verified | J27: Chinese designation; no BIS/ASTM equivalence asserted (approx. SAE 5140-type) — Errors E06.
A28: 24 | B28: 20CrMo | C28: 20CrMo (China, GB/T 3077) | D28: Alloy steel | E28: GB/T 3077 (China) | F28: Tempered martensite: BCC ferrite matrix + alloy carbides (as-quenched martensite is BCT) | G28: Q&T gives tempered martensite/bainite; prior-austenite grain size controls toughness. Risks: temper embrittlement, quench cracking, hydrogen embrittlement at high strength. | H28: =COUNTIF('Material Properties'!$B$5:$B$200,A28) -> 0 | I28: Conditionally verified | J28: Chinese designation; carburising/structural; no BIS equivalence asserted.
A29: 25 | B29: 25CrMo4 | C29: 25CrMo4 (1.7218) | D29: Cr-Mo alloy steel | E29: EN 10083-3 | F29: Tempered martensite: BCC ferrite matrix + alloy carbides (as-quenched martensite is BCT) | G29: Q&T gives tempered martensite/bainite; prior-austenite grain size controls toughness. Risks: temper embrittlement, quench cracking, hydrogen embrittlement at high strength. | H29: =COUNTIF('Material Properties'!$B$5:$B$200,A29) -> 0 | I29: Conditionally verified
A30: 26 | B30: 34CrNiMo6 | C30: 34CrNiMo6 (1.6582) | D30: Ni-Cr-Mo alloy steel | E30: EN 10083-3 | F30: Tempered martensite: BCC ferrite matrix + alloy carbides (as-quenched martensite is BCT) | G30: Q&T gives tempered martensite/bainite; prior-austenite grain size controls toughness. Risks: temper embrittlement, quench cracking, hydrogen embrittlement at high strength. | H30: =COUNTIF('Material Properties'!$B$5:$B$200,A30) -> 0 | I30: Conditionally verified | J30: Closest modern grade to legacy EN24 (not identical).
A31: 27 | B31: 18CrNiMo7-6 | C31: 18CrNiMo7-6 (1.6587) | D31: Case-hardening alloy steel | E31: EN 10084 | F31: Case: high-C tempered martensite (BCT→BCC) + carbides + retained austenite (FCC). Core: low-C martensite/bainite/ferrite | G31: Carburised case (~0.8%C at surface) over a tough low-carbon core; retained austenite, carbide networks and grain-boundary oxidation must be controlled; grinding burn risk. | H31: =COUNTIF('Material Properties'!$B$5:$B$200,A31) -> 0 | I31: Conditionally verified | J31: Heavy gears; high core toughness.
A32: 28 | B32: EN8 (verify product standard) | C32: LEGACY: EN8 = BS 970 080M40 (withdrawn). Modern: C40/C45 (EN 10083-2) | D32: Engineering carbon steel | E32: BS 970 withdrawn → BS EN 10083-2 | F32: BCC α-ferrite + Fe3C (pearlite); BCT martensite if quenched | G32: Ferrite + pearlite (lever-rule estimate ≈44% pearlite at 0.35%C, ≈64% at 0.50%C); tempered martensite after Q&T. Hardenability is carbon-controlled (modest). | H32: =COUNTIF('Material Properties'!$B$5:$B$200,A32) -> 0 | I32: Incorrect | J32: Obsolete designation; modern grade similar not identical — Errors E01.
A33: 29 | B33: EN19 (verify product standard) | C33: LEGACY: EN19 = BS 970 709M40/708M40 (withdrawn). Modern: 42CrMo4 | D33: Engineering alloy steel | E33: BS 970 withdrawn → EN 10083-3 | F33: Tempered martensite: BCC ferrite matrix + alloy carbides (as-quenched martensite is BCT) | G33: Q&T gives tempered martensite/bainite; prior-austenite grain size controls toughness. Risks: temper embrittlement, quench cracking, hydrogen embrittlement at high strength. | H33: =COUNTIF('Material Properties'!$B$5:$B$200,A33) -> 0 | I33: Incorrect | J33: Obsolete designation — Errors E01.
A34: 30 | B34: EN24 (verify product standard) | C34: LEGACY: EN24 = BS 970 817M40 (withdrawn). Modern: 34CrNiMo6 (approx.) | D34: Engineering alloy steel | E34: BS 970 withdrawn → EN 10083-3 | F34: Tempered martensite: BCC ferrite matrix + alloy carbides (as-quenched martensite is BCT) | G34: Q&T gives tempered martensite/bainite; prior-austenite grain size controls toughness. Risks: temper embrittlement, quench cracking, hydrogen embrittlement at high strength. | H34: =COUNTIF('Material Properties'!$B$5:$B$200,A34) -> 0 | I34: Incorrect | J34: Obsolete designation — Errors E01.
A35: 31 | B35: SS 201 | C35: ASTM A240 Type 201 (UNS S20100) | D35: Stainless steel | E35: ASTM A240/A240M; IS 6911 (plate/sheet/strip) | F35: FCC γ-austenite | G35: Single-phase austenite with annealing twins; strengthened by cold work (strain-induced martensite possible in 301/304). Sensitisation risk (Cr carbides at grain boundaries) if held ~450–850 °C with higher C. | H35: =COUNTIF('Material Properties'!$B$5:$B$200,A35) -> 0 | I35: Conditionally verified | J35: Mn/N replace part of Ni; lower corrosion resistance; frequently mis-sold as 304 — verify by PMI.
A36: 32 | B36: SS 301 | C36: ASTM A240 Type 301 (UNS S30100) | D36: Austenitic stainless steel | E36: ASTM A240/A240M; A666 (cold-worked tempers) | F36: FCC γ-austenite | G36: Single-phase austenite with annealing twins; strengthened by cold work (strain-induced martensite possible in 301/304). Sensitisation risk (Cr carbides at grain boundaries) if held ~450–850 °C with higher C. | H36: =COUNTIF('Material Properties'!$B$5:$B$200,A36) -> 0 | I36: Conditionally verified | J36: Strain-hardens rapidly; condition (annealed/¼H…) must be stated.
A37: 33 | B37: SS 304 | C37: ASTM A240 Type 304 (UNS S30400) | D37: Austenitic stainless steel | E37: ASTM A240/A240M; IS 6911 | F37: FCC γ-austenite | G37: Single-phase austenite with annealing twins; strengthened by cold work (strain-induced martensite possible in 301/304). Sensitisation risk (Cr carbides at grain boundaries) if held ~450–850 °C with higher C. | H37: =COUNTIF('Material Properties'!$B$5:$B$200,A37) -> 1 | I37: Conditionally verified
A38: 34 | B38: SS 304L | C38: ASTM A240 Type 304L (UNS S30403) | D38: Low-carbon austenitic stainless | E38: ASTM A240/A240M; IS 6911 | F38: FCC γ-austenite | G38: Single-phase austenite with annealing twins; strengthened by cold work (strain-induced martensite possible in 301/304). Sensitisation risk (Cr carbides at grain boundaries) if held ~450–850 °C with higher C. | H38: =COUNTIF('Material Properties'!$B$5:$B$200,A38) -> 0 | I38: Conditionally verified | J38: Low-C for weld sensitisation resistance.
A39: 35 | B39: SS 316 | C39: ASTM A240 Type 316 (UNS S31600) | D39: Austenitic stainless steel | E39: ASTM A240/A240M; IS 6911 | F39: FCC γ-austenite | G39: Single-phase austenite with annealing twins; strengthened by cold work (strain-induced martensite possible in 301/304). Sensitisation risk (Cr carbides at grain boundaries) if held ~450–850 °C with higher C. | H39: =COUNTIF('Material Properties'!$B$5:$B$200,A39) -> 0 | I39: Conditionally verified
A40: 36 | B40: SS 316L | C40: ASTM A240 Type 316L (UNS S31603) | D40: Low-carbon austenitic stainless | E40: ASTM A240/A240M; IS 6911 | F40: FCC γ-austenite | G40: Single-phase austenite with annealing twins; strengthened by cold work (strain-induced martensite possible in 301/304). Sensitisation risk (Cr carbides at grain boundaries) if held ~450–850 °C with higher C. | H40: =COUNTIF('Material Properties'!$B$5:$B$200,A40) -> 1 | I40: Conditionally verified
A41: 37 | B41: SS 321 | C41: ASTM A240 Type 321 (UNS S32100) | D41: Stabilized austenitic stainless | E41: ASTM A240/A240M | F41: FCC γ-austenite | G41: Single-phase austenite with annealing twins; strengthened by cold work (strain-induced martensite possible in 301/304). Sensitisation risk (Cr carbides at grain boundaries) if held ~450–850 °C with higher C. | H41: =COUNTIF('Material Properties'!$B$5:$B$200,A41) -> 0 | I41: Conditionally verified | J41: Ti-stabilised.
A42: 38 | B42: SS 310S | C42: ASTM A240 Type 310S (UNS S31008) | D42: Heat-resistant stainless | E42: ASTM A240/A240M | F42: FCC γ-austenite | G42: Single-phase austenite with annealing twins; strengthened by cold work (strain-induced martensite possible in 301/304). Sensitisation risk (Cr carbides at grain boundaries) if held ~450–850 °C with higher C. | H42: =COUNTIF('Material Properties'!$B$5:$B$200,A42) -> 0 | I42: Conditionally verified | J42: High Cr-Ni for oxidation resistance; sigma risk on long exposure.
A43: 39 | B43: SS 410 | C43: ASTM A240 Type 410 (UNS S41000) | D43: Martensitic stainless | E43: ASTM A240/A240M; A276 (bar) | F43: BCT martensite as-quenched → tempered martensite (BCC + carbides); annealed: ferrite + carbides | G43: Hardenable stainless; high-C 440C contains large primary Cr carbides. Tempering window controls corrosion resistance and toughness. | H43: =COUNTIF('Material Properties'!$B$5:$B$200,A43) -> 0 | I43: Conditionally verified | J43: Condition (annealed/hardened-tempered) must be stated.
A44: 40 | B44: SS 420 | C44: ASTM A240/A276 Type 420 (UNS S42000) | D44: Martensitic stainless | E44: ASTM A276 | F44: BCT martensite as-quenched → tempered martensite (BCC + carbides); annealed: ferrite + carbides | G44: Hardenable stainless; high-C 440C contains large primary Cr carbides. Tempering window controls corrosion resistance and toughness. | H44: =COUNTIF('Material Properties'!$B$5:$B$200,A44) -> 0 | I44: Conditionally verified
A45: 41 | B45: SS 430 | C45: ASTM A240 Type 430 (UNS S43000) | D45: Ferritic stainless | E45: ASTM A240/A240M | F45: BCC α-ferrite | G45: Single-phase ferrite (no martensitic hardening); grain coarsening in welds; 475 °C embrittlement and sigma risk at long exposure. | H45: =COUNTIF('Material Properties'!$B$5:$B$200,A45) -> 1 | I45: Conditionally verified
A46: 42 | B46: SS 440C | C46: ASTM A276 Type 440C (UNS S44004) | D46: High-carbon martensitic stainless | E46: ASTM A276 | F46: BCT martensite as-quenched → tempered martensite (BCC + carbides); annealed: ferrite + carbides | G46: Hardenable stainless; high-C 440C contains large primary Cr carbides. Tempering window controls corrosion resistance and toughness. | H46: =COUNTIF('Material Properties'!$B$5:$B$200,A46) -> 1 | I46: Conditionally verified | J46: Bearing/valve parts; corrosion resistance lower than 304/316.
A47: 43 | B47: Duplex SS 2205 | C47: Duplex 2205: UNS S32205 (older S31803 range) — EN 1.4462 | D47: Duplex stainless | E47: ASTM A240/A240M; EN 10088 | F47: ≈50:50 BCC δ-ferrite + FCC γ-austenite | G47: Phase balance (≈40–60% ferrite) set by chemistry + solution anneal/quench; intermetallic (sigma, chi) risk ≈600–1000 °C; 475 °C embrittlement of ferrite. | H47: =COUNTIF('Material Properties'!$B$5:$B$200,A47) -> 1 | I47: Conditionally verified | J47: Two UNS numbers exist — Errors E09.
A48: 44 | B48: SS 17-4 PH | C48: 17-4 PH: UNS S17400 (Type 630) + condition H900…H1150 | D48: Precipitation-hardening stainless | E48: ASTM A564/A564M (bar), A693 (plate) | F48: Martensitic (BCC/BCT) matrix + Cu-rich precipitates | G48: Solution-treated lath martensite; ageing (H900–H1150) precipitates Cu-rich phase — condition sets strength/toughness/SCC resistance. | H48: =COUNTIF('Material Properties'!$B$5:$B$200,A48) -> 1 | I48: Conditionally verified | J48: Condition mandatory for any property statement — Errors E10.
A49: 45 | B49: AISI O1 | C49: AISI O1 (UNS T31501) | D49: Tool steel | E49: ASTM A681 | F49: BCT martensite + alloy carbides; some retained austenite (FCC) | G49: Hardened/tempered martensite with carbides (cementite in O1; Cr-rich M7C3 in D2). Distortion, quench cracking and carbide banding are control points. | H49: =COUNTIF('Material Properties'!$B$5:$B$200,A49) -> 1 | I49: Conditionally verified
A50: 46 | B50: AISI A2 | C50: AISI A2 (UNS T30102) | D50: Tool steel | E50: ASTM A681 | F50: BCT martensite + alloy carbides; some retained austenite (FCC) | G50: Hardened/tempered martensite with carbides (cementite in O1; Cr-rich M7C3 in D2). Distortion, quench cracking and carbide banding are control points. | H50: =COUNTIF('Material Properties'!$B$5:$B$200,A50) -> 1 | I50: Conditionally verified
A51: 47 | B51: AISI D2 | C51: AISI D2 (UNS T30402) | D51: Tool steel | E51: ASTM A681 | F51: BCT martensite + alloy carbides; some retained austenite (FCC) | G51: Hardened/tempered martensite with carbides (cementite in O1; Cr-rich M7C3 in D2). Distortion, quench cracking and carbide banding are control points. | H51: =COUNTIF('Material Properties'!$B$5:$B$200,A51) -> 1 | I51: Conditionally verified | J51: Large Cr carbides; chipping risk.
A52: 48 | B52: AISI H11 | C52: AISI H11 (UNS T20811) | D52: Hot-work tool steel | E52: ASTM A681 | F52: Tempered martensite (BCC) + fine alloy carbides | G52: Secondary hardening by Mo/V/Cr carbides; resists softening to ≈600 °C; thermal-fatigue (heat-checking) governs life. | H52: =COUNTIF('Material Properties'!$B$5:$B$200,A52) -> 0 | I52: Conditionally verified
A53: 49 | B53: AISI H13 | C53: AISI H13 (UNS T20813) | D53: Hot-work tool steel | E53: ASTM A681 | F53: Tempered martensite (BCC) + fine alloy carbides | G53: Secondary hardening by Mo/V/Cr carbides; resists softening to ≈600 °C; thermal-fatigue (heat-checking) governs life. | H53: =COUNTIF('Material Properties'!$B$5:$B$200,A53) -> 1 | I53: Conditionally verified
A54: 50 | B54: AISI M2 | C54: AISI M2 (UNS T11302) | D54: High-speed tool steel | E54: ASTM A600 | F54: Tempered martensite + MC / M6C / M2C carbides | G54: High carbide fraction gives red-hardness and wear resistance; multiple tempers needed to transform retained austenite. | H54: =COUNTIF('Material Properties'!$B$5:$B$200,A54) -> 1 | I54: Conditionally verified
A55: 51 | B55: AISI M35 | C55: AISI M35 (UNS T11335) | D55: High-speed tool steel | E55: ASTM A600 | F55: Tempered martensite + MC / M6C / M2C carbides | G55: High carbide fraction gives red-hardness and wear resistance; multiple tempers needed to transform retained austenite. | H55: =COUNTIF('Material Properties'!$B$5:$B$200,A55) -> 0 | I55: Conditionally verified | J55: M2 + ≈5% Co.
A56: 52 | B56: AISI 52100 / 100Cr6 | C56: SAE 52100 (UNS G52986). EN 100Cr6 (1.3505) is close, not identical | D56: Bearing steel | E56: ASTM A295/A295M; ISO 683-17 (bearing steels) | F56: Tempered martensite (BCC/BCT) + undissolved spheroidal (Fe,Cr)3C carbides + minor retained austenite | G56: Spheroidise-annealed before machining; hardened/tempered to ≈60–66 HRC. Cleanliness (oxide/sulphide inclusions) controls rolling-contact fatigue. | H56: =COUNTIF('Material Properties'!$B$5:$B$200,A56) -> 1 | I56: Conditionally verified | J56: Cleanliness grade (e.g. vacuum degassed) must be specified.
A57: 53 | B57: SAE 5160 | C57: SAE 5160 (UNS G51600) | D57: Spring steel | E57: ASTM A29/A29M; SAE J404 | F57: Tempered martensite or fine pearlite (BCC + Fe3C) | G57: Oil-quenched and tempered to ≈42–52 HRC (typical practice); decarburisation and surface defects govern fatigue. | H57: =COUNTIF('Material Properties'!$B$5:$B$200,A57) -> 0 | I57: Conditionally verified
A58: 54 | B58: SAE 9254 | C58: SAE 9254 (UNS G92540) | D58: Spring steel | E58: ASTM A29/A29M | F58: Tempered martensite or fine pearlite (BCC + Fe3C) | G58: Oil-quenched and tempered to ≈42–52 HRC (typical practice); decarburisation and surface defects govern fatigue. | H58: =COUNTIF('Material Properties'!$B$5:$B$200,A58) -> 0 | I58: Conditionally verified
A59: 55 | B59: 65Mn | C59: 65Mn (China, GB/T) | D59: Spring steel | E59: GB/T 1222 (China) | F59: Tempered martensite or fine pearlite (BCC + Fe3C) | G59: Oil-quenched and tempered to ≈42–52 HRC (typical practice); decarburisation and surface defects govern fatigue. | H59: =COUNTIF('Material Properties'!$B$5:$B$200,A59) -> 0 | I59: Conditionally verified | J59: Chinese designation; not an IS grade.
A60: 56 | B60: IS 210 FG 150 | C60: IS 210:2009 FG 150 | D60: Gray cast iron | E60: IS 210 | F60: Flake graphite (hexagonal) in ferritic/pearlitic BCC matrix | G60: Type A flakes preferred; flakes act as internal notches (low tensile strength/ductility, high damping and compressive strength). Section-size sensitive. | H60: =COUNTIF('Material Properties'!$B$5:$B$200,A60) -> 1 | I60: Conditionally verified | J60: Tensile strength on separately cast test bar (section sensitivity).
A61: 57 | B61: IS 210 FG 200 | C61: IS 210:2009 FG 200 | D61: Gray cast iron | E61: IS 210 | F61: Flake graphite (hexagonal) in ferritic/pearlitic BCC matrix | G61: Type A flakes preferred; flakes act as internal notches (low tensile strength/ductility, high damping and compressive strength). Section-size sensitive. | H61: =COUNTIF('Material Properties'!$B$5:$B$200,A61) -> 1 | I61: Conditionally verified
A62: 58 | B62: IS 210 FG 260 | C62: IS 210:2009 FG 260 | D62: Gray cast iron | E62: IS 210 | F62: Flake graphite (hexagonal) in ferritic/pearlitic BCC matrix | G62: Type A flakes preferred; flakes act as internal notches (low tensile strength/ductility, high damping and compressive strength). Section-size sensitive. | H62: =COUNTIF('Material Properties'!$B$5:$B$200,A62) -> 1 | I62: Conditionally verified
A63: 59 | B63: EN-GJL-200 | C63: EN-GJL-200 (EN 1561) | D63: Gray cast iron | E63: EN 1561 | F63: Flake graphite (hexagonal) in ferritic/pearlitic BCC matrix | G63: Type A flakes preferred; flakes act as internal notches (low tensile strength/ductility, high damping and compressive strength). Section-size sensitive. | H63: =COUNTIF('Material Properties'!$B$5:$B$200,A63) -> 1 | I63: Conditionally verified
A64: 60 | B64: EN-GJL-250 | C64: EN-GJL-250 (EN 1561) | D64: Gray cast iron | E64: EN 1561 | F64: Flake graphite (hexagonal) in ferritic/pearlitic BCC matrix | G64: Type A flakes preferred; flakes act as internal notches (low tensile strength/ductility, high damping and compressive strength). Section-size sensitive. | H64: =COUNTIF('Material Properties'!$B$5:$B$200,A64) -> 1 | I64: Conditionally verified
A65: 61 | B65: EN-GJS-400-15 | C65: EN-GJS-400-15 (EN 1563) | D65: Ductile iron | E65: EN 1563 | F65: Spheroidal graphite in ferritic/pearlitic matrix (BCC α + Fe3C) | G65: Nodularity (commonly ≥80–90% required) and matrix ferrite/pearlite ratio set properties; ferritic grades ductile, pearlitic stronger. Mg treatment and section size control quality. | H65: =COUNTIF('Material Properties'!$B$5:$B$200,A65) -> 1 | I65: Conditionally verified
A66: 62 | B66: EN-GJS-500-7 | C66: EN-GJS-500-7 (EN 1563) | D66: Ductile iron | E66: EN 1563 | F66: Spheroidal graphite in ferritic/pearlitic matrix (BCC α + Fe3C) | G66: Nodularity (commonly ≥80–90% required) and matrix ferrite/pearlite ratio set properties; ferritic grades ductile, pearlitic stronger. Mg treatment and section size control quality. | H66: =COUNTIF('Material Properties'!$B$5:$B$200,A66) -> 1 | I66: Conditionally verified
A67: 63 | B67: ASTM A536 65-45-12 | C67: ASTM A536 Grade 65-45-12 | D67: Ductile iron | E67: ASTM A536 | F67: Spheroidal graphite in ferritic/pearlitic matrix (BCC α + Fe3C) | G67: Nodularity (commonly ≥80–90% required) and matrix ferrite/pearlite ratio set properties; ferritic grades ductile, pearlitic stronger. Mg treatment and section size control quality. | H67: =COUNTIF('Material Properties'!$B$5:$B$200,A67) -> 1 | I67: Conditionally verified
A68: 64 | B68: ASTM A48 Class 30 | C68: ASTM A48/A48M Class 30 | D68: Gray cast iron | E68: ASTM A48/A48M | F68: Flake graphite (hexagonal) in ferritic/pearlitic BCC matrix | G68: Type A flakes preferred; flakes act as internal notches (low tensile strength/ductility, high damping and compressive strength). Section-size sensitive. | H68: =COUNTIF('Material Properties'!$B$5:$B$200,A68) -> 1 | I68: Conditionally verified
A69: 65 | B69: Aluminium 1050 | C69: AA 1050 (UNS A91050) + temper | D69: Aluminium alloy | E69: ASTM B209/B221 (wrought forms) | F69: FCC α-Al | G69: Non-heat-treatable: strength from cold work (H tempers) and solid solution (Mg in 5xxx). 5xxx with high Mg can sensitise (β-Al3Mg2) after long exposure above ≈65 °C. | H69: =COUNTIF('Material Properties'!$B$5:$B$200,A69) -> 0 | I69: Conditionally verified | J69: Temper required.
A70: 66 | B70: Aluminium 1100 | C70: AA 1100 (UNS A91100) + temper | D70: Aluminium alloy | E70: ASTM B209/B221 | F70: FCC α-Al | G70: Non-heat-treatable: strength from cold work (H tempers) and solid solution (Mg in 5xxx). 5xxx with high Mg can sensitise (β-Al3Mg2) after long exposure above ≈65 °C. | H70: =COUNTIF('Material Properties'!$B$5:$B$200,A70) -> 0 | I70: Conditionally verified
A71: 67 | B71: Aluminium 2014-T6 | C71: AA 2014-T6 (UNS A92014) | D71: Heat-treated aluminium | E71: ASTM B211/B247 (bar/forging); B221 | F71: FCC α-Al matrix + precipitates (θ′ Al2Cu in 2xxx; β″/β′ Mg2Si in 6xxx; η′/η MgZn2 in 7xxx) | G71: Solution treat + age (T6): GP zones → coherent/semi-coherent precipitates. Grain-boundary precipitates/PFZ drive IGC & SCC; recrystallised vs unrecrystallised grain structure affects anisotropy and toughness. | H71: =COUNTIF('Material Properties'!$B$5:$B$200,A71) -> 1 | I71: Conditionally verified | J71: Poor weldability, IGC/SCC sensitivity.
A72: 68 | B72: Aluminium 2024-T3 | C72: AA 2024-T3 (UNS A92024) | D72: Heat-treated aluminium | E72: ASTM B209 | F72: FCC α-Al matrix + precipitates (θ′ Al2Cu in 2xxx; β″/β′ Mg2Si in 6xxx; η′/η MgZn2 in 7xxx) | G72: Solution treat + age (T6): GP zones → coherent/semi-coherent precipitates. Grain-boundary precipitates/PFZ drive IGC & SCC; recrystallised vs unrecrystallised grain structure affects anisotropy and toughness. | H72: =COUNTIF('Material Properties'!$B$5:$B$200,A72) -> 1 | I72: Conditionally verified | J72: Alclad sheet common; not fusion-weldable.
A73: 69 | B73: Aluminium 3003-H14 | C73: AA 3003-H14 (UNS A93003) | D73: Aluminium alloy | E73: ASTM B209 | F73: FCC α-Al | G73: Non-heat-treatable: strength from cold work (H tempers) and solid solution (Mg in 5xxx). 5xxx with high Mg can sensitise (β-Al3Mg2) after long exposure above ≈65 °C. | H73: =COUNTIF('Material Properties'!$B$5:$B$200,A73) -> 1 | I73: Conditionally verified
A74: 70 | B74: Aluminium 5052-H32 | C74: AA 5052-H32 (UNS A95052) | D74: Aluminium alloy | E74: ASTM B209 | F74: FCC α-Al | G74: Non-heat-treatable: strength from cold work (H tempers) and solid solution (Mg in 5xxx). 5xxx with high Mg can sensitise (β-Al3Mg2) after long exposure above ≈65 °C. | H74: =COUNTIF('Material Properties'!$B$5:$B$200,A74) -> 1 | I74: Conditionally verified
A75: 71 | B75: Aluminium 5083-H111 | C75: AA 5083-H111 (UNS A95083) — EN 485-2 temper | D75: Aluminium alloy | E75: ASTM B209; EN 485-2 | F75: FCC α-Al | G75: Non-heat-treatable: strength from cold work (H tempers) and solid solution (Mg in 5xxx). 5xxx with high Mg can sensitise (β-Al3Mg2) after long exposure above ≈65 °C. | H75: =COUNTIF('Material Properties'!$B$5:$B$200,A75) -> 1 | I75: Conditionally verified | J75: H111 is an EN-system temper; ASTM equivalent differs (e.g. H116/H321).
A76: 72 | B76: Aluminium 6061-T6 | C76: AA 6061-T6 (UNS A96061) | D76: Heat-treated aluminium | E76: ASTM B209/B221/B211 | F76: FCC α-Al matrix + precipitates (θ′ Al2Cu in 2xxx; β″/β′ Mg2Si in 6xxx; η′/η MgZn2 in 7xxx) | G76: Solution treat + age (T6): GP zones → coherent/semi-coherent precipitates. Grain-boundary precipitates/PFZ drive IGC & SCC; recrystallised vs unrecrystallised grain structure affects anisotropy and toughness. | H76: =COUNTIF('Material Properties'!$B$5:$B$200,A76) -> 1 | I76: Conditionally verified | J76: Weld HAZ loses much of T6 strength.
A77: 73 | B77: Aluminium 6063-T5 | C77: AA 6063-T5 (UNS A96063) | D77: Aluminium extrusion | E77: ASTM B221 | F77: FCC α-Al matrix + precipitates (θ′ Al2Cu in 2xxx; β″/β′ Mg2Si in 6xxx; η′/η MgZn2 in 7xxx) | G77: Solution treat + age (T6): GP zones → coherent/semi-coherent precipitates. Grain-boundary precipitates/PFZ drive IGC & SCC; recrystallised vs unrecrystallised grain structure affects anisotropy and toughness. | H77: =COUNTIF('Material Properties'!$B$5:$B$200,A77) -> 0 | I77: Conditionally verified | J77: Extrusion alloy.
A78: 74 | B78: Aluminium 6063-T6 | C78: AA 6063-T6 (UNS A96063) | D78: Aluminium extrusion | E78: ASTM B221 | F78: FCC α-Al matrix + precipitates (θ′ Al2Cu in 2xxx; β″/β′ Mg2Si in 6xxx; η′/η MgZn2 in 7xxx) | G78: Solution treat + age (T6): GP zones → coherent/semi-coherent precipitates. Grain-boundary precipitates/PFZ drive IGC & SCC; recrystallised vs unrecrystallised grain structure affects anisotropy and toughness. | H78: =COUNTIF('Material Properties'!$B$5:$B$200,A78) -> 1 | I78: Conditionally verified
A79: 75 | B79: Aluminium 6082-T6 | C79: EN AW-6082-T6 (UNS A96082) | D79: Heat-treated aluminium | E79: EN 485/755 | F79: FCC α-Al matrix + precipitates (θ′ Al2Cu in 2xxx; β″/β′ Mg2Si in 6xxx; η′/η MgZn2 in 7xxx) | G79: Solution treat + age (T6): GP zones → coherent/semi-coherent precipitates. Grain-boundary precipitates/PFZ drive IGC & SCC; recrystallised vs unrecrystallised grain structure affects anisotropy and toughness. | H79: =COUNTIF('Material Properties'!$B$5:$B$200,A79) -> 0 | I79: Conditionally verified | J79: European structural 6xxx; not interchangeable with 6061 by default.
A80: 76 | B80: Aluminium 7075-T6 | C80: AA 7075-T6 (UNS A97075) | D80: High-strength aluminium | E80: ASTM B209/B211 | F80: FCC α-Al matrix + precipitates (θ′ Al2Cu in 2xxx; β″/β′ Mg2Si in 6xxx; η′/η MgZn2 in 7xxx) | G80: Solution treat + age (T6): GP zones → coherent/semi-coherent precipitates. Grain-boundary precipitates/PFZ drive IGC & SCC; recrystallised vs unrecrystallised grain structure affects anisotropy and toughness. | H80: =COUNTIF('Material Properties'!$B$5:$B$200,A80) -> 1 | I80: Conditionally verified | J80: SCC-susceptible in short-transverse; not fusion-weldable.
A81: 77 | B81: Aluminium A356-T6 | C81: A356.0-T6 (UNS A13560) | D81: Cast aluminium | E81: ASTM B26/B26M (castings) | F81: FCC α-Al dendrites + eutectic Si (diamond cubic) + Fe/Mg intermetallics | G81: Dendrite arm spacing, Sr/Na modification of Si, porosity and Fe-intermetallics control strength/ductility/fatigue; die casting gives fine skin + porous core. | H81: =COUNTIF('Material Properties'!$B$5:$B$200,A81) -> 1 | I81: Conditionally verified | J81: Casting method and test-bar vs casting properties differ.
A82: 78 | B82: Aluminium A380 | C82: A380.0 die casting (UNS A03800) | D82: Die-cast aluminium | E82: ASTM B85/B85M | F82: FCC α-Al dendrites + eutectic Si (diamond cubic) + Fe/Mg intermetallics | G82: Dendrite arm spacing, Sr/Na modification of Si, porosity and Fe-intermetallics control strength/ductility/fatigue; die casting gives fine skin + porous core. | H82: =COUNTIF('Material Properties'!$B$5:$B$200,A82) -> 1 | I82: Conditionally verified
A83: 79 | B83: Copper C10100 | C83: UNS C10100 (OFE copper) | D83: Copper | E83: ASTM B152 / B187 | F83: FCC Cu | G83: Single-phase FCC; annealing twins; strength set by cold work; oxygen-free (C10100) vs ETP (C11000, Cu2O particles — hydrogen embrittlement if annealed in H2). | H83: =COUNTIF('Material Properties'!$B$5:$B$200,A83) -> 0 | I83: Conditionally verified
A84: 80 | B84: Copper C11000 | C84: UNS C11000 (ETP copper) | D84: Copper | E84: ASTM B152 / B187 | F84: FCC Cu | G84: Single-phase FCC; annealing twins; strength set by cold work; oxygen-free (C10100) vs ETP (C11000, Cu2O particles — hydrogen embrittlement if annealed in H2). | H84: =COUNTIF('Material Properties'!$B$5:$B$200,A84) -> 1 | I84: Conditionally verified
A85: 81 | B85: Brass C26000 | C85: UNS C26000 (cartridge brass) | D85: Brass | E85: ASTM B36/B36M (plate/sheet) | F85: FCC α-brass (Cu-Zn solid solution) | G85: Single-phase α (Zn ≲35%); high cold-work response; season cracking (residual stress + ammonia) and dezincification risk in some waters. | H85: =COUNTIF('Material Properties'!$B$5:$B$200,A85) -> 1 | I85: Conditionally verified | J85: Temper (O/H) required.
A86: 82 | B86: Brass C36000 | C86: UNS C36000 (free-cutting brass) | D86: Free-machining brass | E86: ASTM B16/B16M (rod) | F86: FCC α + BCC β′ brass with Pb globules | G86: Two-phase α+β′ gives hot workability; Pb globules give free-cutting. Pb is restricted in some regulations (RoHS/REACH/drinking water). | H86: =COUNTIF('Material Properties'!$B$5:$B$200,A86) -> 0 | I86: Conditionally verified | J86: Leaded; regulatory restrictions in some uses.
A87: 83 | B87: Bronze C51000 | C87: UNS C51000 (phosphor bronze 5% A) | D87: Phosphor bronze | E87: ASTM B103/B139 | F87: FCC α-Cu(Sn) solid solution (+ δ Cu31Sn8 / Pb globules in cast bearing bronze) | G87: Wrought phosphor bronze: cold-work + Sn strengthening. Cast leaded tin bronze: α dendrites + δ + Pb islands give embeddability/lubricity. | H87: =COUNTIF('Material Properties'!$B$5:$B$200,A87) -> 0 | I87: Conditionally verified
A88: 84 | B88: Bronze C93200 | C88: UNS C93200 (SAE 660 bearing bronze) | D88: Bearing bronze | E88: ASTM B584 (sand castings) | F88: FCC α-Cu(Sn) solid solution (+ δ Cu31Sn8 / Pb globules in cast bearing bronze) | G88: Wrought phosphor bronze: cold-work + Sn strengthening. Cast leaded tin bronze: α dendrites + δ + Pb islands give embeddability/lubricity. | H88: =COUNTIF('Material Properties'!$B$5:$B$200,A88) -> 1 | I88: Conditionally verified | J88: Leaded.
A89: 85 | B89: Aluminium bronze C95400 | C89: UNS C95400 (aluminium bronze) | D89: Aluminium bronze | E89: ASTM B148 | F89: FCC α-Cu(Al) + κ intermetallic phases (Fe/Ni/Al-rich) | G89: κ phases give strength/wear resistance and seawater resistance; slow cooling can cause dealuminification-prone phases. | H89: =COUNTIF('Material Properties'!$B$5:$B$200,A89) -> 1 | I89: Conditionally verified
A90: 86 | B90: Manganese bronze C86300 | C90: UNS C86300 (manganese bronze) | D90: Copper alloy | E90: ASTM B584 | F90: FCC α + BCC β (high-strength brass) | G90: Two-phase brass strengthened by Mn/Al/Fe; good strength and marine use; dezincification/selective leaching must be considered. | H90: =COUNTIF('Material Properties'!$B$5:$B$200,A90) -> 0 | I90: Conditionally verified
A91: 87 | B91: Titanium Grade 2 | C91: Ti Grade 2 (UNS R50400) | D91: Commercially pure titanium | E91: ASTM B265/B348/B381 | F91: HCP α-Ti | G91: Single-phase α; O/Fe interstitials control strength by grade (Gr 1–4). Twinning + prismatic slip; hydrogen pickup embrittles. | H91: =COUNTIF('Material Properties'!$B$5:$B$200,A91) -> 1 | I91: Conditionally verified
A92: 88 | B92: Ti-6Al-4V Grade 5 | C92: Ti-6Al-4V Grade 5 (UNS R56400); ELI = Grade 23 (R56407) | D92: Titanium alloy | E92: ASTM B265/B348/B381; F136 (ELI implant) | F92: HCP α + BCC β (two-phase) | G92: Equiaxed (mill-annealed) vs lamellar/Widmanstätten (β-processed) vs bimodal: trade-off between strength/ductility/fatigue initiation and fracture toughness/crack growth. β transus ≈995 °C (typical). | H92: =COUNTIF('Material Properties'!$B$5:$B$200,A92) -> 1 | I92: Conditionally verified | J92: Condition (annealed/STA/β-processed) required.
A93: 89 | B93: Magnesium AZ31B | C93: AZ31B (UNS M11311) | D93: Magnesium alloy | E93: ASTM B90/B90M | F93: HCP α-Mg (+ β-Mg17Al12 in AZ91D) | G93: Limited RT slip systems (basal-dominant) → anisotropy and low RT formability; die-cast AZ91D has fine skin + porous core; poor creep >≈120 °C. | H93: =COUNTIF('Material Properties'!$B$5:$B$200,A93) -> 1 | I93: Conditionally verified | J93: Flammability of fines/chips.
A94: 90 | B94: Magnesium AZ91D | C94: AZ91D (UNS M11916) | D94: Cast magnesium | E94: ASTM B94 | F94: HCP α-Mg (+ β-Mg17Al12 in AZ91D) | G94: Limited RT slip systems (basal-dominant) → anisotropy and low RT formability; die-cast AZ91D has fine skin + porous core; poor creep >≈120 °C. | H94: =COUNTIF('Material Properties'!$B$5:$B$200,A94) -> 1 | I94: Conditionally verified | J94: Die-cast; creep limited.
A95: 91 | B95: Inconel 600 | C95: UNS N06600 (Inconel® 600 — trademark) | D95: Nickel alloy | E95: ASTM B166/B168 | F95: FCC γ (single-phase, solid-solution strengthened) | G95: Single-phase FCC with twins; carbides at grain boundaries (e.g. in 600/625); strengthening from Mo/Nb/Cr/Fe in solution; sensitisation/precipitation (μ, P phases) on long exposure. | H95: =COUNTIF('Material Properties'!$B$5:$B$200,A95) -> 1 | I95: Conditionally verified | J95: Trade name → use UNS.
A96: 92 | B96: Inconel 625 | C96: UNS N06625 (Inconel® 625 — trademark) | D96: Nickel alloy | E96: ASTM B443/B446 | F96: FCC γ (single-phase, solid-solution strengthened) | G96: Single-phase FCC with twins; carbides at grain boundaries (e.g. in 600/625); strengthening from Mo/Nb/Cr/Fe in solution; sensitisation/precipitation (μ, P phases) on long exposure. | H96: =COUNTIF('Material Properties'!$B$5:$B$200,A96) -> 1 | I96: Conditionally verified | J96: Grade 1 (annealed) vs Grade 2 (solution annealed).
A97: 93 | B97: Inconel 718 | C97: UNS N07718 (Inconel® 718 — trademark) | D97: Precipitation-hardening nickel alloy | E97: ASTM B637; AMS aerospace specs | F97: FCC γ matrix + γ″ (Ni3Nb, BCT D0_22) + γ′ (Ni3(Al,Ti), L1_2) + δ (orthorhombic) | G97: Solution + double ageing precipitates γ″ (main strengthener, ≲650 °C service); δ-phase at grain boundaries controls grain size/notch behaviour; Laves phase from segregation. | H97: =COUNTIF('Material Properties'!$B$5:$B$200,A97) -> 1 | I97: Conditionally verified | J97: Heat-treat condition required.
A98: 94 | B98: Monel 400 | C98: UNS N04400 (Monel® 400 — trademark) | D98: Nickel-copper alloy | E98: ASTM B127/B164 | F98: FCC γ (single-phase, solid-solution strengthened) | G98: Single-phase FCC with twins; carbides at grain boundaries (e.g. in 600/625); strengthening from Mo/Nb/Cr/Fe in solution; sensitisation/precipitation (μ, P phases) on long exposure. | H98: =COUNTIF('Material Properties'!$B$5:$B$200,A98) -> 1 | I98: Conditionally verified
A99: 95 | B99: Hastelloy C-276 | C99: UNS N10276 (Hastelloy® C-276 — trademark) | D99: Nickel alloy | E99: ASTM B574/B575 | F99: FCC γ (single-phase, solid-solution strengthened) | G99: Single-phase FCC with twins; carbides at grain boundaries (e.g. in 600/625); strengthening from Mo/Nb/Cr/Fe in solution; sensitisation/precipitation (μ, P phases) on long exposure. | H99: =COUNTIF('Material Properties'!$B$5:$B$200,A99) -> 1 | I99: Conditionally verified
A100: 96 | B100: Zamak 3 | C100: Zamak 3 = ASTM B86 alloy AG40A | D100: Zinc die-casting alloy | E100: ASTM B86 (zinc die casting alloys) | F100: HCP η-Zn (Zn-rich) + Al-rich (FCC) phase | G100: Die-cast fine-grained structure; creep and dimensional ageing at RT/elevated T; low melting point. | H100: =COUNTIF('Material Properties'!$B$5:$B$200,A100) -> 1 | I100: Conditionally verified
A101: 97 | B101: Zamak 5 | C101: Zamak 5 = ASTM B86 alloy AC41A | D101: Zinc die-casting alloy | E101: ASTM B86 | F101: HCP η-Zn (Zn-rich) + Al-rich (FCC) phase | G101: Die-cast fine-grained structure; creep and dimensional ageing at RT/elevated T; low melting point. | H101: =COUNTIF('Material Properties'!$B$5:$B$200,A101) -> 1 | I101: Conditionally verified | J101: Higher Cu than Zamak 3.
...

Sheet Material Properties
A1: Sheet 3 — Material Properties (one row per grade / condition / product form)
A2: Blue = sourced value (recalled, see Sources); grey = Excel formula; no values were invented for blank cells. All RT unless stated.
A4: Prop ID | B4: Master No. | C4: Designation | D4: Condition / product form | E4: Value basis | F4: Density ρ (kg/m³) | G4: Density (g/cm³) [calc] | H4: Young's modulus E (GPa) | I4: Poisson ν | J4: Shear modulus G (GPa) [derived, isotropic] | K4: Yield / proof strength (MPa) | L4: Ultimate tensile strength (MPa) | M4: Flexural strength (MPa) | N4: Elongation at fracture (%) | O4: Hardness (as stated) | P4: Thermal conductivity k (W/(m·K)) | Q4: CTE (µm/(m·K)) | R4: Electrical resistivity (Ω·m) | S4: Strength used [calc] | T4: Specific strength (kN·m/kg) [calc] | U4: Specific stiffness (MN·m/kg) [calc] | V4: Impact / fatigue / KIC / other | W4: Test temperature | X4: Source class | Y4: Confidence | Z4: Verification status | AA4: Limitations / notes
A5: P01 | B5: 4 | C5: AISI 1018 | D5: Cold-drawn bar | E5: Typical | F5: 7870 | G5: =IF(ISNUMBER(F5),F5/1000,"") -> 7.87 | H5: 205 | I5: 0.29 | J5: =IF(AND(ISNUMBER(H5),ISNUMBER(I5)),H5/(2*(1+I5)),"") -> 79.457364 | K5: 370 | L5: 440 | N5: 15 | O5: ≈126 HBW (handbook) | P5: 51.9 | Q5: 11.9 | R5: 1.59e-07 | S5: =IF(ISNUMBER(L5),"UTS",IF(ISNUMBER(K5),"YS",IF(ISNUMBER(M5),"Flexural","—"))) -> UTS | T5: =IF(AND(ISNUMBER(F5),OR(ISNUMBER(L5),ISNUMBER(K5),ISNUMBER(M5))),IF(ISNUMBER(L5),L5,IF(ISNUMBER(K5),K5,M5))*1000/F5,"") -> 55.908513 | U5: =IF(AND(ISNUMBER(F5),ISNUMBER(H5)),H5*1000/F5,"") -> 26.048285 | W5: RT | X5: Handbook typical (ASM/MatWeb-type); recalled, not re-fetched | Y5: Medium | Z5: Conditionally verified | AA5: Hot-rolled condition is lower strength; MatWeb-type values.
A6: P02 | B6: 9 | C6: AISI 1045 | D6: Hot-rolled bar | E6: Typical | F6: 7850 | G6: =IF(ISNUMBER(F6),F6/1000,"") -> 7.85 | H6: 205 | I6: 0.29 | J6: =IF(AND(ISNUMBER(H6),ISNUMBER(I6)),H6/(2*(1+I6)),"") -> 79.457364 | K6: 310 | L6: 565 | N6: 16 | O6: ≈163 HBW | P6: 49.8 | Q6: 11.9 | S6: =IF(ISNUMBER(L6),"UTS",IF(ISNUMBER(K6),"YS",IF(ISNUMBER(M6),"Flexural","—"))) -> UTS | T6: =IF(AND(ISNUMBER(F6),OR(ISNUMBER(L6),ISNUMBER(K6),ISNUMBER(M6))),IF(ISNUMBER(L6),L6,IF(ISNUMBER(K6),K6,M6))*1000/F6,"") -> 71.974522 | U6: =IF(AND(ISNUMBER(F6),ISNUMBER(H6)),H6*1000/F6,"") -> 26.11465 | W6: RT | X6: Handbook typical (ASM/MatWeb-type); recalled, not re-fetched | Y6: Medium | Z6: Conditionally verified | AA6: Cold-drawn and Q&T conditions differ strongly.
A7: P03 | B7: 14 | C7: ASTM A36 | D7: Plate/shapes (specified) | E7: Specified minimum | F7: 7850 | G7: =IF(ISNUMBER(F7),F7/1000,"") -> 7.85 | H7: 200 | I7: 0.3 | J7: =IF(AND(ISNUMBER(H7),ISNUMBER(I7)),H7/(2*(1+I7)),"") -> 76.923077 | K7: 250 | L7: 400 | N7: 20 | O7: n/a | P7: 51.9 | Q7: 11.7 | S7: =IF(ISNUMBER(L7),"UTS",IF(ISNUMBER(K7),"YS",IF(ISNUMBER(M7),"Flexural","—"))) -> UTS | T7: =IF(AND(ISNUMBER(F7),OR(ISNUMBER(L7),ISNUMBER(K7),ISNUMBER(M7))),IF(ISNUMBER(L7),L7,IF(ISNUMBER(K7),K7,M7))*1000/F7,"") -> 50.955414 | U7: =IF(AND(ISNUMBER(F7),ISNUMBER(H7)),H7*1000/F7,"") -> 25.477707 | V7: UTS spec range 400–550; elong. 20% (200 mm GL) / 23% (50 mm GL) | W7: RT | X7: Product-standard value; recalled, standard text not re-read | Y7: Medium | Z7: Conditionally verified | AA7: Minimum values; ρ, E, k, CTE are generic carbon-steel handbook values.
A8: P04 | B8: 12 | C8: IS 2062 E250 | D8: Plate/section ≤20 mm, quality designation A (verify) | E8: Specified minimum | F8: 7850 | G8: =IF(ISNUMBER(F8),F8/1000,"") -> 7.85 | H8: 200 | I8: 0.3 | J8: =IF(AND(ISNUMBER(H8),ISNUMBER(I8)),H8/(2*(1+I8)),"") -> 76.923077 | K8: 250 | L8: 410 | N8: 23 | O8: n/a | S8: =IF(ISNUMBER(L8),"UTS",IF(ISNUMBER(K8),"YS",IF(ISNUMBER(M8),"Flexural","—"))) -> UTS | T8: =IF(AND(ISNUMBER(F8),OR(ISNUMBER(L8),ISNUMBER(K8),ISNUMBER(M8))),IF(ISNUMBER(L8),L8,IF(ISNUMBER(K8),K8,M8))*1000/F8,"") -> 52.229299 | U8: =IF(AND(ISNUMBER(F8),ISNUMBER(H8)),H8*1000/F8,"") -> 25.477707 | W8: RT | X8: Product-standard value; recalled, standard text not re-read | Y8: Medium | Z8: Conditionally verified | AA8: Yield minimum drops with thickness; ρ and E are generic carbon-steel values, not IS 2062-specific.
A9: P05 | B9: 13 | C9: IS 2062 E350 | D9: Plate/section ≤20 mm (verify) | E9: Specified minimum | F9: 7850 | G9: =IF(ISNUMBER(F9),F9/1000,"") -> 7.85 | H9: 200 | I9: 0.3 | J9: =IF(AND(ISNUMBER(H9),ISNUMBER(I9)),H9/(2*(1+I9)),"") -> 76.923077 | K9: 350 | L9: 490 | N9: 22 | O9: n/a | S9: =IF(ISNUMBER(L9),"UTS",IF(ISNUMBER(K9),"YS",IF(ISNUMBER(M9),"Flexural","—"))) -> UTS | T9: =IF(AND(ISNUMBER(F9),OR(ISNUMBER(L9),ISNUMBER(K9),ISNUMBER(M9))),IF(ISNUMBER(L9),L9,IF(ISNUMBER(K9),K9,M9))*1000/F9,"") -> 62.420382 | U9: =IF(AND(ISNUMBER(F9),ISNUMBER(H9)),H9*1000/F9,"") -> 25.477707 | W9: RT | X9: Product-standard value; recalled, standard text not re-read | Y9: Medium | Z9: Conditionally verified | AA9: As E250; confirm thickness bands in standard.
A10: P06 | B10: 15 | C10: ASTM A572 Gr 50 | D10: Plate (specified) | E10: Specified minimum | F10: 7850 | G10: =IF(ISNUMBER(F10),F10/1000,"") -> 7.85 | H10: 200 | I10: 0.3 | J10: =IF(AND(ISNUMBER(H10),ISNUMBER(I10)),H10/(2*(1+I10)),"") -> 76.923077 | K10: 345 | L10: 450 | N10: 18 | O10: n/a | S10: =IF(ISNUMBER(L10),"UTS",IF(ISNUMBER(K10),"YS",IF(ISNUMBER(M10),"Flexural","—"))) -> UTS | T10: =IF(AND(ISNUMBER(F10),OR(ISNUMBER(L10),ISNUMBER(K10),ISNUMBER(M10))),IF(ISNUMBER(L10),L10,IF(ISNUMBER(K10),K10,M10))*1000/F10,"") -> 57.324841 | U10: =IF(AND(ISNUMBER(F10),ISNUMBER(H10)),H10*1000/F10,"") -> 25.477707 | V10: Elong. 18% (200 mm GL) / 21% (50 mm GL) | W10: RT | X10: Product-standard value; recalled, standard text not re-read | Y10: Medium | Z10: Conditionally verified | AA10: Minimum values.
A11: P07 | B11: 16 | C11: AISI 4130 | D11: Normalised 870 °C | E11: Typical | F11: 7850 | G11: =IF(ISNUMBER(F11),F11/1000,"") -> 7.85 | H11: 205 | I11: 0.29 | J11: =IF(AND(ISNUMBER(H11),ISNUMBER(I11)),H11/(2*(1+I11)),"") -> 79.457364 | K11: 435 | L11: 670 | N11: 25.5 | O11: ≈197 HBW | P11: 42.7 | Q11: 12.3 | S11: =IF(ISNUMBER(L11),"UTS",IF(ISNUMBER(K11),"YS",IF(ISNUMBER(M11),"Flexural","—"))) -> UTS | T11: =IF(AND(ISNUMBER(F11),OR(ISNUMBER(L11),ISNUMBER(K11),ISNUMBER(M11))),IF(ISNUMBER(L11),L11,IF(ISNUMBER(K11),K11,M11))*1000/F11,"") -> 85.350318 | U11: =IF(AND(ISNUMBER(F11),ISNUMBER(H11)),H11*1000/F11,"") -> 26.11465 | W11: RT | X11: Handbook typical (ASM/MatWeb-type); recalled, not re-fetched | Y11: Medium | Z11: Conditionally verified | AA11: Strongly condition-dependent (Q&T gives far higher strength).
A12: P08 | B12: 17 | C12: AISI 4140 | D12: Annealed 815 °C, furnace-cooled | E12: Typical | F12: 7850 | G12: =IF(ISNUMBER(F12),F12/1000,"") -> 7.85 | H12: 205 | I12: 0.29 | J12: =IF(AND(ISNUMBER(H12),ISNUMBER(I12)),H12/(2*(1+I12)),"") -> 79.457364 | K12: 417 | L12: 655 | N12: 25.7 | O12: ≈197 HBW | P12: 42.6 | Q12: 12.3 | S12: =IF(ISNUMBER(L12),"UTS",IF(ISNUMBER(K12),"YS",IF(ISNUMBER(M12),"Flexural","—"))) -> UTS | T12: =IF(AND(ISNUMBER(F12),OR(ISNUMBER(L12),ISNUMBER(K12),ISNUMBER(M12))),IF(ISNUMBER(L12),L12,IF(ISNUMBER(K12),K12,M12))*1000/F12,"") -> 83.43949 | U12: =IF(AND(ISNUMBER(F12),ISNUMBER(H12)),H12*1000/F12,"") -> 26.11465 | W12: RT | X12: Handbook typical (ASM/MatWeb-type); recalled, not re-fetched | Y12: Medium | Z12: Conditionally verified
A13: P09 | B13: 17 | C13: AISI 4140 | D13: Q&T (oil quench, ≈650 °C temper) | E13: Typical | F13: 7850 | G13: =IF(ISNUMBER(F13),F13/1000,"") -> 7.85 | H13: 205 | I13: 0.29 | J13: =IF(AND(ISNUMBER(H13),ISNUMBER(I13)),H13/(2*(1+I13)),"") -> 79.457364 | K13: 655 | L13: 758 | N13: 25 | O13: ≈220–235 HBW | P13: 42.6 | Q13: 12.3 | S13: =IF(ISNUMBER(L13),"UTS",IF(ISNUMBER(K13),"YS",IF(ISNUMBER(M13),"Flexural","—"))) -> UTS | T13: =IF(AND(ISNUMBER(F13),OR(ISNUMBER(L13),ISNUMBER(K13),ISNUMBER(M13))),IF(ISNUMBER(L13),L13,IF(ISNUMBER(K13),K13,M13))*1000/F13,"") -> 96.56051 | U13: =IF(AND(ISNUMBER(F13),ISNUMBER(H13)),H13*1000/F13,"") -> 26.11465 | V13: Lower tempering temperature → much higher strength, lower toughness | W13: RT | X13: Handbook typical (ASM/MatWeb-type); recalled, not re-fetched | Y13: Low | Z13: Unverified | AA13: Single tempering point only; use heat-treat curves for design.
A14: P10 | B14: 18 | C14: AISI 4340 | D14: Annealed | E14: Typical | F14: 7850 | G14: =IF(ISNUMBER(F14),F14/1000,"") -> 7.85 | H14: 205 | I14: 0.29 | J14: =IF(AND(ISNUMBER(H14),ISNUMBER(I14)),H14/(2*(1+I14)),"") -> 79.457364 | K14: 472 | L14: 745 | N14: 22 | O14: ≈217 HBW | P14: 44.5 | Q14: 12.3 | S14: =IF(ISNUMBER(L14),"UTS",IF(ISNUMBER(K14),"YS",IF(ISNUMBER(M14),"Flexural","—"))) -> UTS | T14: =IF(AND(ISNUMBER(F14),OR(ISNUMBER(L14),ISNUMBER(K14),ISNUMBER(M14))),IF(ISNUMBER(L14),L14,IF(ISNUMBER(K14),K14,M14))*1000/F14,"") -> 94.904459 | U14: =IF(AND(ISNUMBER(F14),ISNUMBER(H14)),H14*1000/F14,"") -> 26.11465 | W14: RT | X14: Handbook typical (ASM/MatWeb-type); recalled, not re-fetched | Y14: Medium | Z14: Conditionally verified | AA14: Q&T 4340 reaches >1000 MPa UTS — not recorded here.
A15: P11 | B15: 19 | C15: AISI 8620 | D15: Normalised 925 °C (uncarburised core) | E15: Typical | F15: 7850 | G15: =IF(ISNUMBER(F15),F15/1000,"") -> 7.85 | H15: 205 | I15: 0.29 | J15: =IF(AND(ISNUMBER(H15),ISNUMBER(I15)),H15/(2*(1+I15)),"") -> 79.457364 | K15: 357 | L15: 632 | N15: 26 | O15: ≈183 HBW (core) | P15: 46.6 | S15: =IF(ISNUMBER(L15),"UTS",IF(ISNUMBER(K15),"YS",IF(ISNUMBER(M15),"Flexural","—"))) -> UTS | T15: =IF(AND(ISNUMBER(F15),OR(ISNUMBER(L15),ISNUMBER(K15),ISNUMBER(M15))),IF(ISNUMBER(L15),L15,IF(ISNUMBER(K15),K15,M15))*1000/F15,"") -> 80.509554 | U15: =IF(AND(ISNUMBER(F15),ISNUMBER(H15)),H15*1000/F15,"") -> 26.11465 | V15: Carburised case typically ≈58–62 HRC (process result, not base property) | W15: RT | X15: Handbook typical (ASM/MatWeb-type); recalled, not re-fetched | Y15: Medium | Z15: Conditionally verified
A16: P12 | B16: 52 | C16: AISI 52100 | D16: Hardened & tempered (≈150–180 °C) | E16: Typical | F16: 7810 | G16: =IF(ISNUMBER(F16),F16/1000,"") -> 7.81 | H16: 201 | I16: 0.3 | J16: =IF(AND(ISNUMBER(H16),ISNUMBER(I16)),H16/(2*(1+I16)),"") -> 77.307692 | O16: ≈60–66 HRC (bearing practice) | S16: =IF(ISNUMBER(L16),"UTS",IF(ISNUMBER(K16),"YS",IF(ISNUMBER(M16),"Flexural","—"))) -> — | T16: =IF(AND(ISNUMBER(F16),OR(ISNUMBER(L16),ISNUMBER(K16),ISNUMBER(M16))),IF(ISNUMBER(L16),L16,IF(ISNUMBER(K16),K16,M16))*1000/F16,"") | U16: =IF(AND(ISNUMBER(F16),ISNUMBER(H16)),H16*1000/F16,"") -> 25.736236 | V16: Rolling-contact fatigue life depends on cleanliness | W16: RT | X16: Handbook typical (ASM/MatWeb-type); recalled, not re-fetched | Y16: Medium | Z16: Conditionally verified | AA16: Strength not recorded (hardness is the control parameter).
A17: P13 | B17: 33 | C17: SS 304 (A240 Type 304) | D17: Annealed plate/sheet (specified) | E17: Specified minimum | F17: 8000 | G17: =IF(ISNUMBER(F17),F17/1000,"") -> 8 | H17: 193 | I17: 0.29 | J17: =IF(AND(ISNUMBER(H17),ISNUMBER(I17)),H17/(2*(1+I17)),"") -> 74.806202 | K17: 205 | L17: 515 | N17: 40 | O17: ≤201 HBW / ≤92 HRB (A240 max) | P17: 16.2 | Q17: 17.2 | R17: 7.2e-07 | S17: =IF(ISNUMBER(L17),"UTS",IF(ISNUMBER(K17),"YS",IF(ISNUMBER(M17),"Flexural","—"))) -> UTS | T17: =IF(AND(ISNUMBER(F17),OR(ISNUMBER(L17),ISNUMBER(K17),ISNUMBER(M17))),IF(ISNUMBER(L17),L17,IF(ISNUMBER(K17),K17,M17))*1000/F17,"") -> 64.375 | U17: =IF(AND(ISNUMBER(F17),ISNUMBER(H17)),H17*1000/F17,"") -> 24.125 | W17: RT | X17: Product-standard value; recalled, standard text not re-read | Y17: Medium | Z17: Conditionally verified | AA17: k at 100 °C, CTE 0–100 °C. Typical YS ≈215–290 MPa.
A18: P14 | B18: 36 | C18: SS 316L (A240 Type 316L) | D18: Annealed plate/sheet (specified) | E18: Specified minimum | F18: 8000 | G18: =IF(ISNUMBER(F18),F18/1000,"") -> 8 | H18: 193 | I18: 0.3 | J18: =IF(AND(ISNUMBER(H18),ISNUMBER(I18)),H18/(2*(1+I18)),"") -> 74.230769 | K18: 170 | L18: 485 | N18: 40 | O18: ≤217 HBW / ≤95 HRB (A240 max) | P18: 16.3 | Q18: 16 | R18: 7.4e-07 | S18: =IF(ISNUMBER(L18),"UTS",IF(ISNUMBER(K18),"YS",IF(ISNUMBER(M18),"Flexural","—"))) -> UTS | T18: =IF(AND(ISNUMBER(F18),OR(ISNUMBER(L18),ISNUMBER(K18),ISNUMBER(M18))),IF(ISNUMBER(L18),L18,IF(ISNUMBER(K18),K18,M18))*1000/F18,"") -> 60.625 | U18: =IF(AND(ISNUMBER(F18),ISNUMBER(H18)),H18*1000/F18,"") -> 24.125 | W18: RT | X18: Product-standard value; recalled, standard text not re-read | Y18: Medium | Z18: Conditionally verified
A19: P15 | B19: 43 | C19: Duplex 2205 (UNS S32205) | D19: Annealed plate (specified) | E19: Specified minimum | F19: 7800 | G19: =IF(ISNUMBER(F19),F19/1000,"") -> 7.8 | H19: 200 | I19: 0.3 | J19: =IF(AND(ISNUMBER(H19),ISNUMBER(I19)),H19/(2*(1+I19)),"") -> 76.923077 | K19: 450 | L19: 655 | N19: 25 | O19: ≤293 HBW / ≤31 HRC (A240 max) | P19: 19 | Q19: 13 | R19: 8e-07 | S19: =IF(ISNUMBER(L19),"UTS",IF(ISNUMBER(K19),"YS",IF(ISNUMBER(M19),"Flexural","—"))) -> UTS | T19: =IF(AND(ISNUMBER(F19),OR(ISNUMBER(L19),ISNUMBER(K19),ISNUMBER(M19))),IF(ISNUMBER(L19),L19,IF(ISNUMBER(K19),K19,M19))*1000/F19,"") -> 83.974359 | U19: =IF(AND(ISNUMBER(F19),ISNUMBER(H19)),H19*1000/F19,"") -> 25.641026 | W19: RT | X19: Product-standard value; recalled, standard text not re-read | Y19: Medium | Z19: Conditionally verified | AA19: Service temperature typically limited (≈≤250–300 °C) because of 475 °C embrittlement.
A20: P16 | B20: 44 | C20: 17-4 PH (UNS S17400) | D20: Condition H1025 (A564 min) | E20: Specified minimum | F20: 7780 | G20: =IF(ISNUMBER(F20),F20/1000,"") -> 7.78 | H20: 197 | I20: 0.27 | J20: =IF(AND(ISNUMBER(H20),ISNUMBER(I20)),H20/(2*(1+I20)),"") -> 77.559055 | K20: 1000 | L20: 1070 | N20: 12 | O20: ≥35 HRC | S20: =IF(ISNUMBER(L20),"UTS",IF(ISNUMBER(K20),"YS",IF(ISNUMBER(M20),"Flexural","—"))) -> UTS | T20: =IF(AND(ISNUMBER(F20),OR(ISNUMBER(L20),ISNUMBER(K20),ISNUMBER(M20))),IF(ISNUMBER(L20),L20,IF(ISNUMBER(K20),K20,M20))*1000/F20,"") -> 137.53213 | U20: =IF(AND(ISNUMBER(F20),ISNUMBER(H20)),H20*1000/F20,"") -> 25.321337 | W20: RT | X20: Product-standard value; recalled, standard text not re-read | Y20: Medium | Z20: Conditionally verified | AA20: H900 is higher strength/lower toughness; H1150 lower strength/higher toughness.
A21: P17 | B21: 41 | C21: SS 430 (A240 Type 430) | D21: Annealed plate/sheet (specified) | E21: Specified minimum | F21: 7740 | G21: =IF(ISNUMBER(F21),F21/1000,"") -> 7.74 | H21: 200 | I21: 0.28 | J21: =IF(AND(ISNUMBER(H21),ISNUMBER(I21)),H21/(2*(1+I21)),"") -> 78.125 | K21: 205 | L21: 450 | N21: 22 | O21: ≤183 HBW (A240 max) | P21: 26.1 | Q21: 10.4 | R21: 6e-07 | S21: =IF(ISNUMBER(L21),"UTS",IF(ISNUMBER(K21),"YS",IF(ISNUMBER(M21),"Flexural","—"))) -> UTS | T21: =IF(AND(ISNUMBER(F21),OR(ISNUMBER(L21),ISNUMBER(K21),ISNUMBER(M21))),IF(ISNUMBER(L21),L21,IF(ISNUMBER(K21),K21,M21))*1000/F21,"") -> 58.139535 | U21: =IF(AND(ISNUMBER(F21),ISNUMBER(H21)),H21*1000/F21,"") -> 25.839793 | W21: RT | X21: Product-standard value; recalled, standard text not re-read | Y21: Medium | Z21: Conditionally verified
A22: P18 | B22: 42 | C22: SS 440C | D22: Hardened & tempered ≈150–315 °C | E22: Typical | F22: 7650 | G22: =IF(ISNUMBER(F22),F22/1000,"") -> 7.65 | H22: 200 | J22: =IF(AND(ISNUMBER(H22),ISNUMBER(I22)),H22/(2*(1+I22)),"") | O22: ≈57–60 HRC | S22: =IF(ISNUMBER(L22),"UTS",IF(ISNUMBER(K22),"YS",IF(ISNUMBER(M22),"Flexural","—"))) -> — | T22: =IF(AND(ISNUMBER(F22),OR(ISNUMBER(L22),ISNUMBER(K22),ISNUMBER(M22))),IF(ISNUMBER(L22),L22,IF(ISNUMBER(K22),K22,M22))*1000/F22,"") | U22: =IF(AND(ISNUMBER(F22),ISNUMBER(H22)),H22*1000/F22,"") -> 26.143791 | W22: RT | X22: Handbook typical (ASM/MatWeb-type); recalled, not re-fetched | Y22: Medium | Z22: Conditionally verified | AA22: Hardness-only record.
A23: P19 | B23: 47 | C23: AISI D2 | D23: Hardened & tempered (working hardness) | E23: Typical | F23: 7700 | G23: =IF(ISNUMBER(F23),F23/1000,"") -> 7.7 | J23: =IF(AND(ISNUMBER(H23),ISNUMBER(I23)),H23/(2*(1+I23)),"") | O23: ≈58–62 HRC | S23: =IF(ISNUMBER(L23),"UTS",IF(ISNUMBER(K23),"YS",IF(ISNUMBER(M23),"Flexural","—"))) -> — | T23: =IF(AND(ISNUMBER(F23),OR(ISNUMBER(L23),ISNUMBER(K23),ISNUMBER(M23))),IF(ISNUMBER(L23),L23,IF(ISNUMBER(K23),K23,M23))*1000/F23,"") | U23: =IF(AND(ISNUMBER(F23),ISNUMBER(H23)),H23*1000/F23,"") | W23: RT | X23: Handbook typical (ASM/MatWeb-type); recalled, not re-fetched | Y23: Medium | Z23: Conditionally verified | AA23: Hardness depends on tempering temperature.
A24: P20 | B24: 49 | C24: AISI H13 | D24: Hardened & tempered (hot-work practice) | E24: Typical | F24: 7800 | G24: =IF(ISNUMBER(F24),F24/1000,"") -> 7.8 | J24: =IF(AND(ISNUMBER(H24),ISNUMBER(I24)),H24/(2*(1+I24)),"") | O24: ≈44–52 HRC | S24: =IF(ISNUMBER(L24),"UTS",IF(ISNUMBER(K24),"YS",IF(ISNUMBER(M24),"Flexural","—"))) -> — | T24: =IF(AND(ISNUMBER(F24),OR(ISNUMBER(L24),ISNUMBER(K24),ISNUMBER(M24))),IF(ISNUMBER(L24),L24,IF(ISNUMBER(K24),K24,M24))*1000/F24,"") | U24: =IF(AND(ISNUMBER(F24),ISNUMBER(H24)),H24*1000/F24,"") | W24: RT | X24: Handbook typical (ASM/MatWeb-type); recalled, not re-fetched | Y24: Medium | Z24: Conditionally verified
A25: P21 | B25: 50 | C25: AISI M2 | D25: Hardened & tempered | E25: Typical | F25: 8150 | G25: =IF(ISNUMBER(F25),F25/1000,"") -> 8.15 | J25: =IF(AND(ISNUMBER(H25),ISNUMBER(I25)),H25/(2*(1+I25)),"") | O25: ≈62–65 HRC | S25: =IF(ISNUMBER(L25),"UTS",IF(ISNUMBER(K25),"YS",IF(ISNUMBER(M25),"Flexural","—"))) -> — | T25: =IF(AND(ISNUMBER(F25),OR(ISNUMBER(L25),ISNUMBER(K25),ISNUMBER(M25))),IF(ISNUMBER(L25),L25,IF(ISNUMBER(K25),K25,M25))*1000/F25,"") | U25: =IF(AND(ISNUMBER(F25),ISNUMBER(H25)),H25*1000/F25,"") | W25: RT | X25: Handbook typical (ASM/MatWeb-type); recalled, not re-fetched | Y25: Medium | Z25: Conditionally verified
A26: P22 | B26: 45 | C26: AISI O1 | D26: Hardened & tempered | E26: Typical | F26: 7810 | G26: =IF(ISNUMBER(F26),F26/1000,"") -> 7.81 | J26: =IF(AND(ISNUMBER(H26),ISNUMBER(I26)),H26/(2*(1+I26)),"") | O26: ≈57–62 HRC | S26: =IF(ISNUMBER(L26),"UTS",IF(ISNUMBER(K26),"YS",IF(ISNUMBER(M26),"Flexural","—"))) -> — | T26: =IF(AND(ISNUMBER(F26),OR(ISNUMBER(L26),ISNUMBER(K26),ISNUMBER(M26))),IF(ISNUMBER(L26),L26,IF(ISNUMBER(K26),K26,M26))*1000/F26,"") | U26: =IF(AND(ISNUMBER(F26),ISNUMBER(H26)),H26*1000/F26,"") | W26: RT | X26: Handbook typical (ASM/MatWeb-type); recalled, not re-fetched | Y26: Medium | Z26: Conditionally verified
A27: P23 | B27: 46 | C27: AISI A2 | D27: Hardened & tempered | E27: Typical | F27: 7860 | G27: =IF(ISNUMBER(F27),F27/1000,"") -> 7.86 | J27: =IF(AND(ISNUMBER(H27),ISNUMBER(I27)),H27/(2*(1+I27)),"") | O27: ≈57–62 HRC | S27: =IF(ISNUMBER(L27),"UTS",IF(ISNUMBER(K27),"YS",IF(ISNUMBER(M27),"Flexural","—"))) -> — | T27: =IF(AND(ISNUMBER(F27),OR(ISNUMBER(L27),ISNUMBER(K27),ISNUMBER(M27))),IF(ISNUMBER(L27),L27,IF(ISNUMBER(K27),K27,M27))*1000/F27,"") | U27: =IF(AND(ISNUMBER(F27),ISNUMBER(H27)),H27*1000/F27,"") | W27: RT | X27: Handbook typical (ASM/MatWeb-type); recalled, not re-fetched | Y27: Medium | Z27: Conditionally verified
A28: P24 | B28: 56 | C28: IS 210 FG 150 | D28: Separately cast test bar (specified) | E28: Specified minimum | F28: 7100 | G28: =IF(ISNUMBER(F28),F28/1000,"") -> 7.1 | H28: 85 | I28: 0.26 | J28: =IF(AND(ISNUMBER(H28),ISNUMBER(I28)),H28/(2*(1+I28)),"") -> 33.730159 | L28: 150 | O28: casting-section dependent | S28: =IF(ISNUMBER(L28),"UTS",IF(ISNUMBER(K28),"YS",IF(ISNUMBER(M28),"Flexural","—"))) -> UTS | T28: =IF(AND(ISNUMBER(F28),OR(ISNUMBER(L28),ISNUMBER(K28),ISNUMBER(M28))),IF(ISNUMBER(L28),L28,IF(ISNUMBER(K28),K28,M28))*1000/F28,"") -> 21.126761 | U28: =IF(AND(ISNUMBER(F28),ISNUMBER(H28)),H28*1000/F28,"") -> 11.971831 | V28: No distinct yield; brittle (<1% elong.); compressive strength ≈3–4× tensile | W28: RT | X28: Product-standard value; recalled, standard text not re-read | Y28: Low | Z28: Unverified | AA28: ρ, E approximate class-range midpoints; E depends on stress level.
A29: P25 | B29: 57 | C29: IS 210 FG 200 | D29: Separately cast test bar (specified) | E29: Specified minimum | F29: 7100 | G29: =IF(ISNUMBER(F29),F29/1000,"") -> 7.1 | H29: 100 | I29: 0.26 | J29: =IF(AND(ISNUMBER(H29),ISNUMBER(I29)),H29/(2*(1+I29)),"") -> 39.68254 | L29: 200 | O29: ≈150–220 HBW (typical) | S29: =IF(ISNUMBER(L29),"UTS",IF(ISNUMBER(K29),"YS",IF(ISNUMBER(M29),"Flexural","—"))) -> UTS | T29: =IF(AND(ISNUMBER(F29),OR(ISNUMBER(L29),ISNUMBER(K29),ISNUMBER(M29))),IF(ISNUMBER(L29),L29,IF(ISNUMBER(K29),K29,M29))*1000/F29,"") -> 28.169014 | U29: =IF(AND(ISNUMBER(F29),ISNUMBER(H29)),H29*1000/F29,"") -> 14.084507 | V29: Damping high vs steel | W29: RT | X29: Product-standard value; recalled, standard text not re-read | Y29: Low | Z29: Unverified | AA29: As FG 150.
A30: P26 | B30: 58 | C30: IS 210 FG 260 | D30: Separately cast test bar (specified) | E30: Specified minimum | F30: 7100 | G30: =IF(ISNUMBER(F30),F30/1000,"") -> 7.1 | H30: 115 | I30: 0.26 | J30: =IF(AND(ISNUMBER(H30),ISNUMBER(I30)),H30/(2*(1+I30)),"") -> 45.634921 | L30: 260 | O30: casting-section dependent | S30: =IF(ISNUMBER(L30),"UTS",IF(ISNUMBER(K30),"YS",IF(ISNUMBER(M30),"Flexural","—"))) -> UTS | T30: =IF(AND(ISNUMBER(F30),OR(ISNUMBER(L30),ISNUMBER(K30),ISNUMBER(M30))),IF(ISNUMBER(L30),L30,IF(ISNUMBER(K30),K30,M30))*1000/F30,"") -> 36.619718 | U30: =IF(AND(ISNUMBER(F30),ISNUMBER(H30)),H30*1000/F30,"") -> 16.197183 | W30: RT | X30: Product-standard value; recalled, standard text not re-read | Y30: Low | Z30: Unverified | AA30: As FG 150.
A31: P27 | B31: 59 | C31: EN-GJL-200 | D31: Separately cast bar (specified min) | E31: Specified minimum | F31: 7100 | G31: =IF(ISNUMBER(F31),F31/1000,"") -> 7.1 | H31: 100 | I31: 0.26 | J31: =IF(AND(ISNUMBER(H31),ISNUMBER(I31)),H31/(2*(1+I31)),"") -> 39.68254 | L31: 200 | O31: informative only | S31: =IF(ISNUMBER(L31),"UTS",IF(ISNUMBER(K31),"YS",IF(ISNUMBER(M31),"Flexural","—"))) -> UTS | T31: =IF(AND(ISNUMBER(F31),OR(ISNUMBER(L31),ISNUMBER(K31),ISNUMBER(M31))),IF(ISNUMBER(L31),L31,IF(ISNUMBER(K31),K31,M31))*1000/F31,"") -> 28.169014 | U31: =IF(AND(ISNUMBER(F31),ISNUMBER(H31)),H31*1000/F31,"") -> 14.084507 | W31: RT | X31: Product-standard value; recalled, standard text not re-read | Y31: Low | Z31: Unverified | AA31: EN 1561 gives Rm range; E approximate.
A32: P28 | B32: 60 | C32: EN-GJL-250 | D32: Separately cast bar (specified min) | E32: Specified minimum | F32: 7100 | G32: =IF(ISNUMBER(F32),F32/1000,"") -> 7.1 | H32: 115 | I32: 0.26 | J32: =IF(AND(ISNUMBER(H32),ISNUMBER(I32)),H32/(2*(1+I32)),"") -> 45.634921 | L32: 250 | O32: informative only | S32: =IF(ISNUMBER(L32),"UTS",IF(ISNUMBER(K32),"YS",IF(ISNUMBER(M32),"Flexural","—"))) -> UTS | T32: =IF(AND(ISNUMBER(F32),OR(ISNUMBER(L32),ISNUMBER(K32),ISNUMBER(M32))),IF(ISNUMBER(L32),L32,IF(ISNUMBER(K32),K32,M32))*1000/F32,"") -> 35.211268 | U32: =IF(AND(ISNUMBER(F32),ISNUMBER(H32)),H32*1000/F32,"") -> 16.197183 | W32: RT | X32: Product-standard value; recalled, standard text not re-read | Y32: Low | Z32: Unverified
A33: P29 | B33: 64 | C33: ASTM A48 Class 30 | D33: Separately cast bar (specified) | E33: Specified minimum | F33: 7100 | G33: =IF(ISNUMBER(F33),F33/1000,"") -> 7.1 | H33: 100 | I33: 0.26 | J33: =IF(AND(ISNUMBER(H33),ISNUMBER(I33)),H33/(2*(1+I33)),"") -> 39.68254 | L33: 207 | O33: n/a | S33: =IF(ISNUMBER(L33),"UTS",IF(ISNUMBER(K33),"YS",IF(ISNUMBER(M33),"Flexural","—"))) -> UTS | T33: =IF(AND(ISNUMBER(F33),OR(ISNUMBER(L33),ISNUMBER(K33),ISNUMBER(M33))),IF(ISNUMBER(L33),L33,IF(ISNUMBER(K33),K33,M33))*1000/F33,"") -> 29.15493 | U33: =IF(AND(ISNUMBER(F33),ISNUMBER(H33)),H33*1000/F33,"") -> 14.084507 | V33: 30 ksi min tensile | W33: RT | X33: Product-standard value; recalled, standard text not re-read | Y33: Low | Z33: Unverified | AA33: E approximate class-range midpoint.
A34: P30 | B34: 61 | C34: EN-GJS-400-15 | D34: Separately cast bar (specified min) | E34: Specified minimum | F34: 7100 | G34: =IF(ISNUMBER(F34),F34/1000,"") -> 7.1 | H34: 169 | I34: 0.275 | J34: =IF(AND(ISNUMBER(H34),ISNUMBER(I34)),H34/(2*(1+I34)),"") -> 66.27451 | K34: 250 | L34: 400 | N34: 15 | O34: ≈135–180 HBW (informative) | S34: =IF(ISNUMBER(L34),"UTS",IF(ISNUMBER(K34),"YS",IF(ISNUMBER(M34),"Flexural","—"))) -> UTS | T34: =IF(AND(ISNUMBER(F34),OR(ISNUMBER(L34),ISNUMBER(K34),ISNUMBER(M34))),IF(ISNUMBER(L34),L34,IF(ISNUMBER(K34),K34,M34))*1000/F34,"") -> 56.338028 | U34: =IF(AND(ISNUMBER(F34),ISNUMBER(H34)),H34*1000/F34,"") -> 23.802817 | W34: RT | X34: Product-standard value; recalled, standard text not re-read | Y34: Medium | Z34: Conditionally verified | AA34: Rp0.2 / Rm / A minima.
A35: P31 | B35: 62 | C35: EN-GJS-500-7 | D35: Separately cast bar (specified min) | E35: Specified minimum | F35: 7100 | G35: =IF(ISNUMBER(F35),F35/1000,"") -> 7.1 | H35: 169 | I35: 0.275 | J35: =IF(AND(ISNUMBER(H35),ISNUMBER(I35)),H35/(2*(1+I35)),"") -> 66.27451 | K35: 320 | L35: 500 | N35: 7 | O35: ≈170–230 HBW (informative) | S35: =IF(ISNUMBER(L35),"UTS",IF(ISNUMBER(K35),"YS",IF(ISNUMBER(M35),"Flexural","—"))) -> UTS | T35: =IF(AND(ISNUMBER(F35),OR(ISNUMBER(L35),ISNUMBER(K35),ISNUMBER(M35))),IF(ISNUMBER(L35),L35,IF(ISNUMBER(K35),K35,M35))*1000/F35,"") -> 70.422535 | U35: =IF(AND(ISNUMBER(F35),ISNUMBER(H35)),H35*1000/F35,"") -> 23.802817 | W35: RT | X35: Product-standard value; recalled, standard text not re-read | Y35: Medium | Z35: Conditionally verified
A36: P32 | B36: 63 | C36: ASTM A536 65-45-12 | D36: Specified | E36: Specified minimum | F36: 7100 | G36: =IF(ISNUMBER(F36),F36/1000,"") -> 7.1 | H36: 169 | I36: 0.275 | J36: =IF(AND(ISNUMBER(H36),ISNUMBER(I36)),H36/(2*(1+I36)),"") -> 66.27451 | K36: 310 | L36: 448 | N36: 12 | O36: typ. ≈156–217 HBW | S36: =IF(ISNUMBER(L36),"UTS",IF(ISNUMBER(K36),"YS",IF(ISNUMBER(M36),"Flexural","—"))) -> UTS | T36: =IF(AND(ISNUMBER(F36),OR(ISNUMBER(L36),ISNUMBER(K36),ISNUMBER(M36))),IF(ISNUMBER(L36),L36,IF(ISNUMBER(K36),K36,M36))*1000/F36,"") -> 63.098592 | U36: =IF(AND(ISNUMBER(F36),ISNUMBER(H36)),H36*1000/F36,"") -> 23.802817 | V36: 65/45 ksi | W36: RT | X36: Product-standard value; recalled, standard text not re-read | Y36: Medium | Z36: Conditionally verified
A37: P33 | B37: 72 | C37: AA 6061-T6 | D37: Sheet/plate/extrusion (typical) | E37: Typical | F37: 2700 | G37: =IF(ISNUMBER(F37),F37/1000,"") -> 2.7 | H37: 68.9 | I37: 0.33 | J37: =IF(AND(ISNUMBER(H37),ISNUMBER(I37)),H37/(2*(1+I37)),"") -> 25.902256 | K37: 276 | L37: 310 | N37: 12 | O37: ≈95 HBW | P37: 167 | Q37: 23.6 | R37: 3.99e-08 | S37: =IF(ISNUMBER(L37),"UTS",IF(ISNUMBER(K37),"YS",IF(ISNUMBER(M37),"Flexural","—"))) -> UTS | T37: =IF(AND(ISNUMBER(F37),OR(ISNUMBER(L37),ISNUMBER(K37),ISNUMBER(M37))),IF(ISNUMBER(L37),L37,IF(ISNUMBER(K37),K37,M37))*1000/F37,"") -> 114.81481 | U37: =IF(AND(ISNUMBER(F37),ISNUMBER(H37)),H37*1000/F37,"") -> 25.518519 | V37: Fatigue ≈96.5 MPa at 5×10^8 cycles (R. R. Moore, R=−1) | W37: RT | X37: Handbook typical (ASM/MatWeb-type); recalled, not re-fetched | Y37: Medium | Z37: Conditionally verified | AA37: ASTM minima are lower (e.g. ≈240/260 MPa for some extrusions).
A38: P34 | B38: 76 | C38: AA 7075-T6 | D38: Sheet/plate (typical) | E38: Typical | F38: 2810 | G38: =IF(ISNUMBER(F38),F38/1000,"") -> 2.81 | H38: 71.7 | I38: 0.33 | J38: =IF(AND(ISNUMBER(H38),ISNUMBER(I38)),H38/(2*(1+I38)),"") -> 26.954887 | K38: 503 | L38: 572 | N38: 11 | O38: ≈150 HBW | P38: 130 | Q38: 23.4 | R38: 5.15e-08 | S38: =IF(ISNUMBER(L38),"UTS",IF(ISNUMBER(K38),"YS",IF(ISNUMBER(M38),"Flexural","—"))) -> UTS | T38: =IF(AND(ISNUMBER(F38),OR(ISNUMBER(L38),ISNUMBER(K38),ISNUMBER(M38))),IF(ISNUMBER(L38),L38,IF(ISNUMBER(K38),K38,M38))*1000/F38,"") -> 203.55872 | U38: =IF(AND(ISNUMBER(F38),ISNUMBER(H38)),H38*1000/F38,"") -> 25.516014 | V38: Fatigue ≈159 MPa at 5×10^8 cycles; KIC ≈29 MPa√m (T651, L-T, approx.) | W38: RT | X38: Handbook typical (ASM/MatWeb-type); recalled, not re-fetched | Y38: Medium | Z38: Conditionally verified | AA38: SCC-susceptible short-transverse.
A39: P35 | B39: 68 | C39: AA 2024-T3 | D39: Sheet (typical) | E39: Typical | F39: 2780 | G39: =IF(ISNUMBER(F39),F39/1000,"") -> 2.78 | H39: 73.1 | I39: 0.33 | J39: =IF(AND(ISNUMBER(H39),ISNUMBER(I39)),H39/(2*(1+I39)),"") -> 27.481203 | K39: 345 | L39: 483 | N39: 18 | O39: ≈120 HBW | P39: 121 | Q39: 23.2 | R39: 5.82e-08 | S39: =IF(ISNUMBER(L39),"UTS",IF(ISNUMBER(K39),"YS",IF(ISNUMBER(M39),"Flexural","—"))) -> UTS | T39: =IF(AND(ISNUMBER(F39),OR(ISNUMBER(L39),ISNUMBER(K39),ISNUMBER(M39))),IF(ISNUMBER(L39),L39,IF(ISNUMBER(K39),K39,M39))*1000/F39,"") -> 173.74101 | U39: =IF(AND(ISNUMBER(F39),ISNUMBER(H39)),H39*1000/F39,"") -> 26.294964 | V39: Fatigue ≈138 MPa at 5×10^8 cycles | W39: RT | X39: Handbook typical (ASM/MatWeb-type); recalled, not re-fetched | Y39: Medium | Z39: Conditionally verified
A40: P36 | B40: 67 | C40: AA 2014-T6 | D40: Bar/forging (typical) | E40: Typical | F40: 2800 | G40: =IF(ISNUMBER(F40),F40/1000,"") -> 2.8 | H40: 72.4 | I40: 0.33 | J40: =IF(AND(ISNUMBER(H40),ISNUMBER(I40)),H40/(2*(1+I40)),"") -> 27.218045 | K40: 414 | L40: 483 | N40: 13 | O40: ≈135 HBW | P40: 154 | Q40: 23 | S40: =IF(ISNUMBER(L40),"UTS",IF(ISNUMBER(K40),"YS",IF(ISNUMBER(M40),"Flexural","—"))) -> UTS | T40: =IF(AND(ISNUMBER(F40),OR(ISNUMBER(L40),ISNUMBER(K40),ISNUMBER(M40))),IF(ISNUMBER(L40),L40,IF(ISNUMBER(K40),K40,M40))*1000/F40,"") -> 172.5 | U40: =IF(AND(ISNUMBER(F40),ISNUMBER(H40)),H40*1000/F40,"") -> 25.857143 | W40: RT | X40: Handbook typical (ASM/MatWeb-type); recalled, not re-fetched | Y40: Medium | Z40: Conditionally verified
A41: P37 | B41: 70 | C41: AA 5052-H32 | D41: Sheet (typical) | E41: Typical | F41: 2680 | G41: =IF(ISNUMBER(F41),F41/1000,"") -> 2.68 | H41: 70.3 | I41: 0.33 | J41: =IF(AND(ISNUMBER(H41),ISNUMBER(I41)),H41/(2*(1+I41)),"") -> 26.428571 | K41: 193 | L41: 228 | N41: 12 | O41: ≈60 HBW | P41: 138 | Q41: 23.8 | R41: 4.95e-08 | S41: =IF(ISNUMBER(L41),"UTS",IF(ISNUMBER(K41),"YS",IF(ISNUMBER(M41),"Flexural","—"))) -> UTS | T41: =IF(AND(ISNUMBER(F41),OR(ISNUMBER(L41),ISNUMBER(K41),ISNUMBER(M41))),IF(ISNUMBER(L41),L41,IF(ISNUMBER(K41),K41,M41))*1000/F41,"") -> 85.074627 | U41: =IF(AND(ISNUMBER(F41),ISNUMBER(H41)),H41*1000/F41,"") -> 26.231343 | V41: Fatigue ≈117 MPa at 5×10^8 cycles | W41: RT | X41: Handbook typical (ASM/MatWeb-type); recalled, not re-fetched | Y41: Medium | Z41: Conditionally verified
A42: P38 | B42: 71 | C42: AA 5083-H111 | D42: EN 485-2 minima | E42: Specified minimum | F42: 2660 | G42: =IF(ISNUMBER(F42),F42/1000,"") -> 2.66 | H42: 71 | I42: 0.33 | J42: =IF(AND(ISNUMBER(H42),ISNUMBER(I42)),H42/(2*(1+I42)),"") -> 26.691729 | K42: 125 | L42: 275 | N42: 15 | O42: ≈75 HBW (approx.) | P42: 117 | Q42: 23.8 | R42: 5.9e-08 | S42: =IF(ISNUMBER(L42),"UTS",IF(ISNUMBER(K42),"YS",IF(ISNUMBER(M42),"Flexural","—"))) -> UTS | T42: =IF(AND(ISNUMBER(F42),OR(ISNUMBER(L42),ISNUMBER(K42),ISNUMBER(M42))),IF(ISNUMBER(L42),L42,IF(ISNUMBER(K42),K42,M42))*1000/F42,"") -> 103.38346 | U42: =IF(AND(ISNUMBER(F42),ISNUMBER(H42)),H42*1000/F42,"") -> 26.691729 | V42: UTS range 275–350 MPa | W42: RT | X42: Product-standard value; recalled, standard text not re-read | Y42: Medium | Z42: Conditionally verified | AA42: ASTM tempers (H116/H321) have higher yield.
A43: P39 | B43: 69 | C43: AA 3003-H14 | D43: Sheet (typical) | E43: Typical | F43: 2730 | G43: =IF(ISNUMBER(F43),F43/1000,"") -> 2.73 | H43: 68.9 | I43: 0.33 | J43: =IF(AND(ISNUMBER(H43),ISNUMBER(I43)),H43/(2*(1+I43)),"") -> 25.902256 | K43: 145 | L43: 150 | N43: 8 | O43: ≈40 HBW | P43: 159 | Q43: 23.2 | S43: =IF(ISNUMBER(L43),"UTS",IF(ISNUMBER(K43),"YS",IF(ISNUMBER(M43),"Flexural","—"))) -> UTS | T43: =IF(AND(ISNUMBER(F43),OR(ISNUMBER(L43),ISNUMBER(K43),ISNUMBER(M43))),IF(ISNUMBER(L43),L43,IF(ISNUMBER(K43),K43,M43))*1000/F43,"") -> 54.945055 | U43: =IF(AND(ISNUMBER(F43),ISNUMBER(H43)),H43*1000/F43,"") -> 25.238095 | W43: RT | X43: Handbook typical (ASM/MatWeb-type); recalled, not re-fetched | Y43: Medium | Z43: Conditionally verified
A44: P40 | B44: 74 | C44: AA 6063-T6 | D44: Extrusion (typical) | E44: Typical | F44: 2690 | G44: =IF(ISNUMBER(F44),F44/1000,"") -> 2.69 | H44: 68.9 | I44: 0.33 | J44: =IF(AND(ISNUMBER(H44),ISNUMBER(I44)),H44/(2*(1+I44)),"") -> 25.902256 | K44: 214 | L44: 241 | N44: 12 | O44: ≈73 HBW | P44: 200 | Q44: 23.4 | S44: =IF(ISNUMBER(L44),"UTS",IF(ISNUMBER(K44),"YS",IF(ISNUMBER(M44),"Flexural","—"))) -> UTS | T44: =IF(AND(ISNUMBER(F44),OR(ISNUMBER(L44),ISNUMBER(K44),ISNUMBER(M44))),IF(ISNUMBER(L44),L44,IF(ISNUMBER(K44),K44,M44))*1000/F44,"") -> 89.591078 | U44: =IF(AND(ISNUMBER(F44),ISNUMBER(H44)),H44*1000/F44,"") -> 25.613383 | W44: RT | X44: Handbook typical (ASM/MatWeb-type); recalled, not re-fetched | Y44: Medium | Z44: Conditionally verified
A45: P41 | B45: 77 | C45: A356.0-T6 | D45: Sand cast (typical) | E45: Typical | F45: 2680 | G45: =IF(ISNUMBER(F45),F45/1000,"") -> 2.68 | H45: 72.4 | I45: 0.33 | J45: =IF(AND(ISNUMBER(H45),ISNUMBER(I45)),H45/(2*(1+I45)),"") -> 27.218045 | K45: 186 | L45: 262 | N45: 5 | O45: ≈80 HBW | P45: 151 | Q45: 21.5 | S45: =IF(ISNUMBER(L45),"UTS",IF(ISNUMBER(K45),"YS",IF(ISNUMBER(M45),"Flexural","—"))) -> UTS | T45: =IF(AND(ISNUMBER(F45),OR(ISNUMBER(L45),ISNUMBER(K45),ISNUMBER(M45))),IF(ISNUMBER(L45),L45,IF(ISNUMBER(K45),K45,M45))*1000/F45,"") -> 97.761194 | U45: =IF(AND(ISNUMBER(F45),ISNUMBER(H45)),H45*1000/F45,"") -> 27.014925 | V45: Fatigue/elongation highly porosity-dependent | W45: RT | X45: Handbook typical (ASM/MatWeb-type); recalled, not re-fetched | Y45: Medium | Z45: Conditionally verified | AA45: Casting vs test-bar properties differ.
A46: P42 | B46: 78 | C46: A380.0 | D46: Die cast (typical) | E46: Typical | F46: 2710 | G46: =IF(ISNUMBER(F46),F46/1000,"") -> 2.71 | H46: 71 | I46: 0.33 | J46: =IF(AND(ISNUMBER(H46),ISNUMBER(I46)),H46/(2*(1+I46)),"") -> 26.691729 | K46: 160 | L46: 324 | N46: 3.5 | O46: ≈80 HBW | P46: 96 | Q46: 21.8 | S46: =IF(ISNUMBER(L46),"UTS",IF(ISNUMBER(K46),"YS",IF(ISNUMBER(M46),"Flexural","—"))) -> UTS | T46: =IF(AND(ISNUMBER(F46),OR(ISNUMBER(L46),ISNUMBER(K46),ISNUMBER(M46))),IF(ISNUMBER(L46),L46,IF(ISNUMBER(K46),K46,M46))*1000/F46,"") -> 119.5572 | U46: =IF(AND(ISNUMBER(F46),ISNUMBER(H46)),H46*1000/F46,"") -> 26.199262 | W46: RT | X46: Handbook typical (ASM/MatWeb-type); recalled, not re-fetched | Y46: Medium | Z46: Conditionally verified
A47: P43 | B47: 80 | C47: UNS C11000 (ETP Cu) | D47: Annealed O60 | E47: Typical | F47: 8940 | G47: =IF(ISNUMBER(F47),F47/1000,"") -> 8.94 | H47: 117 | I47: 0.34 | J47: =IF(AND(ISNUMBER(H47),ISNUMBER(I47)),H47/(2*(1+I47)),"") -> 43.656716 | K47: 69 | L47: 220 | N47: 45 | O47: n/a | P47: 391 | Q47: 17 | R47: 1.72e-08 | S47: =IF(ISNUMBER(L47),"UTS",IF(ISNUMBER(K47),"YS",IF(ISNUMBER(M47),"Flexural","—"))) -> UTS | T47: =IF(AND(ISNUMBER(F47),OR(ISNUMBER(L47),ISNUMBER(K47),ISNUMBER(M47))),IF(ISNUMBER(L47),L47,IF(ISNUMBER(K47),K47,M47))*1000/F47,"") -> 24.608501 | U47: =IF(AND(ISNUMBER(F47),ISNUMBER(H47)),H47*1000/F47,"") -> 13.087248 | V47: ≥100% IACS (1.7241×10^-8 Ω·m at 20 °C) | W47: RT | X47: Handbook typical (ASM/MatWeb-type); recalled, not re-fetched | Y47: High | Z47: Conditionally verified
A48: P44 | B48: 81 | C48: UNS C26000 | D48: Annealed O61 | E48: Typical | F48: 8530 | G48: =IF(ISNUMBER(F48),F48/1000,"") -> 8.53 | H48: 110 | J48: =IF(AND(ISNUMBER(H48),ISNUMBER(I48)),H48/(2*(1+I48)),"") | K48: 105 | L48: 325 | N48: 62 | O48: n/a | P48: 120 | Q48: 19.9 | R48: 6.2e-08 | S48: =IF(ISNUMBER(L48),"UTS",IF(ISNUMBER(K48),"YS",IF(ISNUMBER(M48),"Flexural","—"))) -> UTS | T48: =IF(AND(ISNUMBER(F48),OR(ISNUMBER(L48),ISNUMBER(K48),ISNUMBER(M48))),IF(ISNUMBER(L48),L48,IF(ISNUMBER(K48),K48,M48))*1000/F48,"") -> 38.100821 | U48: =IF(AND(ISNUMBER(F48),ISNUMBER(H48)),H48*1000/F48,"") -> 12.895662 | V48: ≈28% IACS | W48: RT | X48: Handbook typical (ASM/MatWeb-type); recalled, not re-fetched | Y48: Medium | Z48: Conditionally verified
A49: P45 | B49: 84 | C49: UNS C93200 | D49: Sand cast (B584 min) | E49: Specified minimum | F49: 7600 | G49: =IF(ISNUMBER(F49),F49/1000,"") -> 7.6 | H49: 103 | J49: =IF(AND(ISNUMBER(H49),ISNUMBER(I49)),H49/(2*(1+I49)),"") | K49: 124 | L49: 241 | N49: 15 | O49: ≈65 HBW (500 kg) | P49: 59 | Q49: 18 | S49: =IF(ISNUMBER(L49),"UTS",IF(ISNUMBER(K49),"YS",IF(ISNUMBER(M49),"Flexural","—"))) -> UTS | T49: =IF(AND(ISNUMBER(F49),OR(ISNUMBER(L49),ISNUMBER(K49),ISNUMBER(M49))),IF(ISNUMBER(L49),L49,IF(ISNUMBER(K49),K49,M49))*1000/F49,"") -> 31.710526 | U49: =IF(AND(ISNUMBER(F49),ISNUMBER(H49)),H49*1000/F49,"") -> 13.552632 | W49: RT | X49: Product-standard value; recalled, standard text not re-read | Y49: Medium | Z49: Conditionally verified
A50: P46 | B50: 85 | C50: UNS C95400 | D50: As-cast (B148 min) | E50: Specified minimum | F50: 7450 | G50: =IF(ISNUMBER(F50),F50/1000,"") -> 7.45 | H50: 110 | J50: =IF(AND(ISNUMBER(H50),ISNUMBER(I50)),H50/(2*(1+I50)),"") | K50: 207 | L50: 517 | N50: 12 | O50: ≈150 HBW (3000 kg, typical) | P50: 59 | Q50: 16.2 | S50: =IF(ISNUMBER(L50),"UTS",IF(ISNUMBER(K50),"YS",IF(ISNUMBER(M50),"Flexural","—"))) -> UTS | T50: =IF(AND(ISNUMBER(F50),OR(ISNUMBER(L50),ISNUMBER(K50),ISNUMBER(M50))),IF(ISNUMBER(L50),L50,IF(ISNUMBER(K50),K50,M50))*1000/F50,"") -> 69.395973 | U50: =IF(AND(ISNUMBER(F50),ISNUMBER(H50)),H50*1000/F50,"") -> 14.765101 | W50: RT | X50: Product-standard value; recalled, standard text not re-read | Y50: Medium | Z50: Conditionally verified
A51: P47 | B51: 87 | C51: Ti Grade 2 | D51: Plate/sheet (B265 min) | E51: Specified minimum | F51: 4510 | G51: =IF(ISNUMBER(F51),F51/1000,"") -> 4.51 | H51: 105 | I51: 0.37 | J51: =IF(AND(ISNUMBER(H51),ISNUMBER(I51)),H51/(2*(1+I51)),"") -> 38.321168 | K51: 275 | L51: 345 | N51: 20 | O51: n/a | P51: 16.4 | Q51: 8.6 | R51: 5.2e-07 | S51: =IF(ISNUMBER(L51),"UTS",IF(ISNUMBER(K51),"YS",IF(ISNUMBER(M51),"Flexural","—"))) -> UTS | T51: =IF(AND(ISNUMBER(F51),OR(ISNUMBER(L51),ISNUMBER(K51),ISNUMBER(M51))),IF(ISNUMBER(L51),L51,IF(ISNUMBER(K51),K51,M51))*1000/F51,"") -> 76.496674 | U51: =IF(AND(ISNUMBER(F51),ISNUMBER(H51)),H51*1000/F51,"") -> 23.281596 | W51: RT | X51: Product-standard value; recalled, standard text not re-read | Y51: Medium | Z51: Conditionally verified | AA51: Max yield 450 MPa.
A52: P48 | B52: 88 | C52: Ti-6Al-4V Gr 5 | D52: Annealed (B265 min) | E52: Specified minimum | F52: 4430 | G52: =IF(ISNUMBER(F52),F52/1000,"") -> 4.43 | H52: 113.8 | I52: 0.342 | J52: =IF(AND(ISNUMBER(H52),ISNUMBER(I52)),H52/(2*(1+I52)),"") -> 42.399404 | K52: 825 | L52: 895 | N52: 10 | O52: ≈36 HRC (typical) | P52: 6.7 | Q52: 8.6 | R52: 1.7e-06 | S52: =IF(ISNUMBER(L52),"UTS",IF(ISNUMBER(K52),"YS",IF(ISNUMBER(M52),"Flexural","—"))) -> UTS | T52: =IF(AND(ISNUMBER(F52),OR(ISNUMBER(L52),ISNUMBER(K52),ISNUMBER(M52))),IF(ISNUMBER(L52),L52,IF(ISNUMBER(K52),K52,M52))*1000/F52,"") -> 202.0316 | U52: =IF(AND(ISNUMBER(F52),ISNUMBER(H52)),H52*1000/F52,"") -> 25.688488 | V52: KIC ≈55–75 MPa√m depending on microstructure | W52: RT | X52: Product-standard value; recalled, standard text not re-read | Y52: Medium | Z52: Conditionally verified | AA52: Typical YS/UTS ≈880/950 MPa.
A53: P49 | B53: 89 | C53: AZ31B | D53: O-temper sheet (typical) | E53: Typical | F53: 1770 | G53: =IF(ISNUMBER(F53),F53/1000,"") -> 1.77 | H53: 45 | I53: 0.35 | J53: =IF(AND(ISNUMBER(H53),ISNUMBER(I53)),H53/(2*(1+I53)),"") -> 16.666667 | K53: 150 | L53: 255 | N53: 21 | O53: n/a | P53: 96 | Q53: 26 | R53: 9.2e-08 | S53: =IF(ISNUMBER(L53),"UTS",IF(ISNUMBER(K53),"YS",IF(ISNUMBER(M53),"Flexural","—"))) -> UTS | T53: =IF(AND(ISNUMBER(F53),OR(ISNUMBER(L53),ISNUMBER(K53),ISNUMBER(M53))),IF(ISNUMBER(L53),L53,IF(ISNUMBER(K53),K53,M53))*1000/F53,"") -> 144.0678 | U53: =IF(AND(ISNUMBER(F53),ISNUMBER(H53)),H53*1000/F53,"") -> 25.423729 | W53: RT | X53: Handbook typical (ASM/MatWeb-type); recalled, not re-fetched | Y53: Medium | Z53: Conditionally verified
A54: P50 | B54: 90 | C54: AZ91D | D54: Die cast (typical) | E54: Typical | F54: 1810 | G54: =IF(ISNUMBER(F54),F54/1000,"") -> 1.81 | H54: 45 | I54: 0.35 | J54: =IF(AND(ISNUMBER(H54),ISNUMBER(I54)),H54/(2*(1+I54)),"") -> 16.666667 | K54: 160 | L54: 230 | N54: 3 | O54: n/a | P54: 72 | Q54: 25 | S54: =IF(ISNUMBER(L54),"UTS",IF(ISNUMBER(K54),"YS",IF(ISNUMBER(M54),"Flexural","—"))) -> UTS | T54: =IF(AND(ISNUMBER(F54),OR(ISNUMBER(L54),ISNUMBER(K54),ISNUMBER(M54))),IF(ISNUMBER(L54),L54,IF(ISNUMBER(K54),K54,M54))*1000/F54,"") -> 127.07182 | U54: =IF(AND(ISNUMBER(F54),ISNUMBER(H54)),H54*1000/F54,"") -> 24.861878 | W54: RT | X54: Handbook typical (ASM/MatWeb-type); recalled, not re-fetched | Y54: Medium | Z54: Conditionally verified
A55: P51 | B55: 91 | C55: UNS N06600 | D55: Annealed (B168 min) | E55: Specified minimum | F55: 8470 | G55: =IF(ISNUMBER(F55),F55/1000,"") -> 8.47 | H55: 207 | J55: =IF(AND(ISNUMBER(H55),ISNUMBER(I55)),H55/(2*(1+I55)),"") | K55: 240 | L55: 550 | N55: 30 | O55: n/a | P55: 14.9 | Q55: 13.3 | R55: 1.03e-06 | S55: =IF(ISNUMBER(L55),"UTS",IF(ISNUMBER(K55),"YS",IF(ISNUMBER(M55),"Flexural","—"))) -> UTS | T55: =IF(AND(ISNUMBER(F55),OR(ISNUMBER(L55),ISNUMBER(K55),ISNUMBER(M55))),IF(ISNUMBER(L55),L55,IF(ISNUMBER(K55),K55,M55))*1000/F55,"") -> 64.935065 | U55: =IF(AND(ISNUMBER(F55),ISNUMBER(H55)),H55*1000/F55,"") -> 24.439197 | W55: RT | X55: Product-standard value; recalled, standard text not re-read | Y55: Medium | Z55: Conditionally verified
A56: P52 | B56: 92 | C56: UNS N06625 | D56: Annealed Gr 1 (B443 min) | E56: Specified minimum | F56: 8440 | G56: =IF(ISNUMBER(F56),F56/1000,"") -> 8.44 | H56: 205 | J56: =IF(AND(ISNUMBER(H56),ISNUMBER(I56)),H56/(2*(1+I56)),"") | K56: 414 | L56: 827 | N56: 30 | O56: n/a | P56: 9.8 | Q56: 12.8 | R56: 1.29e-06 | S56: =IF(ISNUMBER(L56),"UTS",IF(ISNUMBER(K56),"YS",IF(ISNUMBER(M56),"Flexural","—"))) -> UTS | T56: =IF(AND(ISNUMBER(F56),OR(ISNUMBER(L56),ISNUMBER(K56),ISNUMBER(M56))),IF(ISNUMBER(L56),L56,IF(ISNUMBER(K56),K56,M56))*1000/F56,"") -> 97.985782 | U56: =IF(AND(ISNUMBER(F56),ISNUMBER(H56)),H56*1000/F56,"") -> 24.2891 | W56: RT | X56: Product-standard value; recalled, standard text not re-read | Y56: Medium | Z56: Conditionally verified
A57: P53 | B57: 93 | C57: UNS N07718 | D57: Solution + aged (AMS-type minimum, approx.) | E57: Specified minimum | F57: 8190 | G57: =IF(ISNUMBER(F57),F57/1000,"") -> 8.19 | H57: 200 | I57: 0.29 | J57: =IF(AND(ISNUMBER(H57),ISNUMBER(I57)),H57/(2*(1+I57)),"") -> 77.51938 | K57: 1034 | L57: 1275 | N57: 12 | O57: n/a | P57: 11.4 | Q57: 13 | R57: 1.25e-06 | S57: =IF(ISNUMBER(L57),"UTS",IF(ISNUMBER(K57),"YS",IF(ISNUMBER(M57),"Flexural","—"))) -> UTS | T57: =IF(AND(ISNUMBER(F57),OR(ISNUMBER(L57),ISNUMBER(K57),ISNUMBER(M57))),IF(ISNUMBER(L57),L57,IF(ISNUMBER(K57),K57,M57))*1000/F57,"") -> 155.67766 | U57: =IF(AND(ISNUMBER(F57),ISNUMBER(H57)),H57*1000/F57,"") -> 24.420024 | V57: Creep/rupture data required for >650 °C | W57: RT | X57: Product-standard value; recalled, standard text not re-read | Y57: Low | Z57: Unverified | AA57: Exact minima depend on specification and form.
A58: P54 | B58: 94 | C58: UNS N04400 | D58: Annealed (B164/B127 min) | E58: Specified minimum | F58: 8800 | G58: =IF(ISNUMBER(F58),F58/1000,"") -> 8.8 | H58: 179 | J58: =IF(AND(ISNUMBER(H58),ISNUMBER(I58)),H58/(2*(1+I58)),"") | K58: 195 | L58: 480 | N58: 35 | O58: n/a | P58: 21.8 | Q58: 13.9 | R58: 5.1e-07 | S58: =IF(ISNUMBER(L58),"UTS",IF(ISNUMBER(K58),"YS",IF(ISNUMBER(M58),"Flexural","—"))) -> UTS | T58: =IF(AND(ISNUMBER(F58),OR(ISNUMBER(L58),ISNUMBER(K58),ISNUMBER(M58))),IF(ISNUMBER(L58),L58,IF(ISNUMBER(K58),K58,M58))*1000/F58,"") -> 54.545455 | U58: =IF(AND(ISNUMBER(F58),ISNUMBER(H58)),H58*1000/F58,"") -> 20.340909 | W58: RT | X58: Product-standard value; recalled, standard text not re-read | Y58: Medium | Z58: Conditionally verified
A59: P55 | B59: 95 | C59: UNS N10276 | D59: Solution annealed (B575 min) | E59: Specified minimum | F59: 8890 | G59: =IF(ISNUMBER(F59),F59/1000,"") -> 8.89 | H59: 205 | J59: =IF(AND(ISNUMBER(H59),ISNUMBER(I59)),H59/(2*(1+I59)),"") | K59: 283 | L59: 690 | N59: 40 | O59: n/a | P59: 10.2 | Q59: 11.2 | R59: 1.3e-06 | S59: =IF(ISNUMBER(L59),"UTS",IF(ISNUMBER(K59),"YS",IF(ISNUMBER(M59),"Flexural","—"))) -> UTS | T59: =IF(AND(ISNUMBER(F59),OR(ISNUMBER(L59),ISNUMBER(K59),ISNUMBER(M59))),IF(ISNUMBER(L59),L59,IF(ISNUMBER(K59),K59,M59))*1000/F59,"") -> 77.615298 | U59: =IF(AND(ISNUMBER(F59),ISNUMBER(H59)),H59*1000/F59,"") -> 23.059618 | W59: RT | X59: Product-standard value; recalled, standard text not re-read | Y59: Medium | Z59: Conditionally verified
A60: P56 | B60: 96 | C60: Zamak 3 (AG40A) | D60: Die cast (typical) | E60: Typical | F60: 6600 | G60: =IF(ISNUMBER(F60),F60/1000,"") -> 6.6 | H60: 85 | I60: 0.3 | J60: =IF(AND(ISNUMBER(H60),ISNUMBER(I60)),H60/(2*(1+I60)),"") -> 32.692308 | K60: 221 | L60: 283 | N60: 10 | O60: ≈82 HBW | P60: 113 | Q60: 27.4 | S60: =IF(ISNUMBER(L60),"UTS",IF(ISNUMBER(K60),"YS",IF(ISNUMBER(M60),"Flexural","—"))) -> UTS | T60: =IF(AND(ISNUMBER(F60),OR(ISNUMBER(L60),ISNUMBER(K60),ISNUMBER(M60))),IF(ISNUMBER(L60),L60,IF(ISNUMBER(K60),K60,M60))*1000/F60,"") -> 42.878788 | U60: =IF(AND(ISNUMBER(F60),ISNUMBER(H60)),H60*1000/F60,"") -> 12.878788 | V60: Creep at RT is significant | W60: RT | X60: Handbook typical (ASM/MatWeb-type); recalled, not re-fetched | Y60: Medium | Z60: Conditionally verified
A61: P57 | B61: 97 | C61: Zamak 5 (AC41A) | D61: Die cast (typical) | E61: Typical | F61: 6600 | G61: =IF(ISNUMBER(F61),F61/1000,"") -> 6.6 | H61: 85 | I61: 0.3 | J61: =IF(AND(ISNUMBER(H61),ISNUMBER(I61)),H61/(2*(1+I61)),"") -> 32.692308 | K61: 269 | L61: 331 | N61: 7 | O61: ≈91 HBW | P61: 109 | Q61: 27.4 | S61: =IF(ISNUMBER(L61),"UTS",IF(ISNUMBER(K61),"YS",IF(ISNUMBER(M61),"Flexural","—"))) -> UTS | T61: =IF(AND(ISNUMBER(F61),OR(ISNUMBER(L61),ISNUMBER(K61),ISNUMBER(M61))),IF(ISNUMBER(L61),L61,IF(ISNUMBER(K61),K61,M61))*1000/F61,"") -> 50.151515 | U61: =IF(AND(ISNUMBER(F61),ISNUMBER(H61)),H61*1000/F61,"") -> 12.878788 | W61: RT | X61: Handbook typical (ASM/MatWeb-type); recalled, not re-fetched | Y61: Medium | Z61: Conditionally verified
A62: P58 | B62: 98 | C62: PA6 | D62: Dry as moulded, unfilled | E62: Typical (range) | F62: 1140 | G62: =IF(ISNUMBER(F62),F62/1000,"") -> 1.14 | H62: 2.8 | J62: =IF(AND(ISNUMBER(H62),ISNUMBER(I62)),H62/(2*(1+I62)),"") | L62: 75 | O62: n/a | P62: 0.25 | Q62: 80 | S62: =IF(ISNUMBER(L62),"UTS",IF(ISNUMBER(K62),"YS",IF(ISNUMBER(M62),"Flexural","—"))) -> UTS | T62: =IF(AND(ISNUMBER(F62),OR(ISNUMBER(L62),ISNUMBER(K62),ISNUMBER(M62))),IF(ISNUMBER(L62),L62,IF(ISNUMBER(K62),K62,M62))*1000/F62,"") -> 65.789474 | U62: =IF(AND(ISNUMBER(F62),ISNUMBER(H62)),H62*1000/F62,"") -> 2.4561404 | V62: Properties fall markedly with moisture uptake | W62: 23 °C | X62: Manufacturer datasheet typical; recalled | Y62: Low | Z62: Unverified | AA62: Grade/moisture dependent.
A63: P59 | B63: 99 | C63: PA66 | D63: Dry as moulded, unfilled | E63: Typical (range) | F63: 1140 | G63: =IF(ISNUMBER(F63),F63/1000,"") -> 1.14 | H63: 3 | J63: =IF(AND(ISNUMBER(H63),ISNUMBER(I63)),H63/(2*(1+I63)),"") | L63: 80 | O63: n/a | P63: 0.25 | Q63: 80 | S63: =IF(ISNUMBER(L63),"UTS",IF(ISNUMBER(K63),"YS",IF(ISNUMBER(M63),"Flexural","—"))) -> UTS | T63: =IF(AND(ISNUMBER(F63),OR(ISNUMBER(L63),ISNUMBER(K63),ISNUMBER(M63))),IF(ISNUMBER(L63),L63,IF(ISNUMBER(K63),K63,M63))*1000/F63,"") -> 70.175439 | U63: =IF(AND(ISNUMBER(F63),ISNUMBER(H63)),H63*1000/F63,"") -> 2.6315789 | V63: As PA6 | W63: 23 °C | X63: Manufacturer datasheet typical; recalled | Y63: Low | Z63: Unverified
A64: P60 | B64: 100 | C64: POM-C | D64: Unfilled | E64: Typical (range) | F64: 1410 | G64: =IF(ISNUMBER(F64),F64/1000,"") -> 1.41 | H64: 2.8 | J64: =IF(AND(ISNUMBER(H64),ISNUMBER(I64)),H64/(2*(1+I64)),"") | K64: 62 | N64: 40 | O64: n/a | P64: 0.31 | Q64: 110 | S64: =IF(ISNUMBER(L64),"UTS",IF(ISNUMBER(K64),"YS",IF(ISNUMBER(M64),"Flexural","—"))) -> YS | T64: =IF(AND(ISNUMBER(F64),OR(ISNUMBER(L64),ISNUMBER(K64),ISNUMBER(M64))),IF(ISNUMBER(L64),L64,IF(ISNUMBER(K64),K64,M64))*1000/F64,"") -> 43.971631 | U64: =IF(AND(ISNUMBER(F64),ISNUMBER(H64)),H64*1000/F64,"") -> 1.9858156 | W64: 23 °C | X64: Manufacturer datasheet typical; recalled | Y64: Low | Z64: Unverified
A65: P61 | B65: 101 | C65: POM-H | D65: Unfilled | E65: Typical (range) | F65: 1420 | G65: =IF(ISNUMBER(F65),F65/1000,"") -> 1.42 | H65: 3.1 | J65: =IF(AND(ISNUMBER(H65),ISNUMBER(I65)),H65/(2*(1+I65)),"") | K65: 70 | N65: 35 | O65: n/a | Q65: 110 | S65: =IF(ISNUMBER(L65),"UTS",IF(ISNUMBER(K65),"YS",IF(ISNUMBER(M65),"Flexural","—"))) -> YS | T65: =IF(AND(ISNUMBER(F65),OR(ISNUMBER(L65),ISNUMBER(K65),ISNUMBER(M65))),IF(ISNUMBER(L65),L65,IF(ISNUMBER(K65),K65,M65))*1000/F65,"") -> 49.295775 | U65: =IF(AND(ISNUMBER(F65),ISNUMBER(H65)),H65*1000/F65,"") -> 2.1830986 | W65: 23 °C | X65: Manufacturer datasheet typical; recalled | Y65: Low | Z65: Unverified
A66: P62 | B66: 102 | C66: PTFE | D66: Virgin | E66: Typical (range) | F66: 2150 | G66: =IF(ISNUMBER(F66),F66/1000,"") -> 2.15 | H66: 0.5 | J66: =IF(AND(ISNUMBER(H66),ISNUMBER(I66)),H66/(2*(1+I66)),"") | L66: 25 | N66: 300 | O66: n/a | P66: 0.25 | Q66: 120 | S66: =IF(ISNUMBER(L66),"UTS",IF(ISNUMBER(K66),"YS",IF(ISNUMBER(M66),"Flexural","—"))) -> UTS | T66: =IF(AND(ISNUMBER(F66),OR(ISNUMBER(L66),ISNUMBER(K66),ISNUMBER(M66))),IF(ISNUMBER(L66),L66,IF(ISNUMBER(K66),K66,M66))*1000/F66,"") -> 11.627907 | U66: =IF(AND(ISNUMBER(F66),ISNUMBER(H66)),H66*1000/F66,"") -> 0.23255814 | V66: Cold flow (creep) significant | W66: 23 °C | X66: Manufacturer datasheet typical; recalled | Y66: Low | Z66: Unverified
A67: P63 | B67: 103 | C67: PEEK | D67: Unfilled | E67: Typical (range) | F67: 1300 | G67: =IF(ISNUMBER(F67),F67/1000,"") -> 1.3 | H67: 3.6 | J67: =IF(AND(ISNUMBER(H67),ISNUMBER(I67)),H67/(2*(1+I67)),"") | K67: 100 | N67: 30 | O67: n/a | P67: 0.25 | Q67: 47 | S67: =IF(ISNUMBER(L67),"UTS",IF(ISNUMBER(K67),"YS",IF(ISNUMBER(M67),"Flexural","—"))) -> YS | T67: =IF(AND(ISNUMBER(F67),OR(ISNUMBER(L67),ISNUMBER(K67),ISNUMBER(M67))),IF(ISNUMBER(L67),L67,IF(ISNUMBER(K67),K67,M67))*1000/F67,"") -> 76.923077 | U67: =IF(AND(ISNUMBER(F67),ISNUMBER(H67)),H67*1000/F67,"") -> 2.7692308 | V67: Tg ≈143 °C; Tm ≈343 °C | W67: 23 °C | X67: Manufacturer datasheet typical; recalled | Y67: Low | Z67: Unverified
A68: P64 | B68: 104 | C68: ABS | D68: General purpose | E68: Typical (range) | F68: 1050 | G68: =IF(ISNUMBER(F68),F68/1000,"") -> 1.05 | H68: 2.2 | J68: =IF(AND(ISNUMBER(H68),ISNUMBER(I68)),H68/(2*(1+I68)),"") | K68: 40 | O68: n/a | P68: 0.17 | Q68: 90 | S68: =IF(ISNUMBER(L68),"UTS",IF(ISNUMBER(K68),"YS",IF(ISNUMBER(M68),"Flexural","—"))) -> YS | T68: =IF(AND(ISNUMBER(F68),OR(ISNUMBER(L68),ISNUMBER(K68),ISNUMBER(M68))),IF(ISNUMBER(L68),L68,IF(ISNUMBER(K68),K68,M68))*1000/F68,"") -> 38.095238 | U68: =IF(AND(ISNUMBER(F68),ISNUMBER(H68)),H68*1000/F68,"") -> 2.0952381 | W68: 23 °C | X68: Manufacturer datasheet typical; recalled | Y68: Low | Z68: Unverified
A69: P65 | B69: 105 | C69: Polycarbonate (PC) | D69: Unfilled | E69: Typical (range) | F69: 1200 | G69: =IF(ISNUMBER(F69),F69/1000,"") -> 1.2 | H69: 2.3 | J69: =IF(AND(ISNUMBER(H69),ISNUMBER(I69)),H69/(2*(1+I69)),"") | K69: 62 | N69: 100 | O69: n/a | P69: 0.2 | Q69: 68 | S69: =IF(ISNUMBER(L69),"UTS",IF(ISNUMBER(K69),"YS",IF(ISNUMBER(M69),"Flexural","—"))) -> YS | T69: =IF(AND(ISNUMBER(F69),OR(ISNUMBER(L69),ISNUMBER(K69),ISNUMBER(M69))),IF(ISNUMBER(L69),L69,IF(ISNUMBER(K69),K69,M69))*1000/F69,"") -> 51.666667 | U69: =IF(AND(ISNUMBER(F69),ISNUMBER(H69)),H69*1000/F69,"") -> 1.9166667 | W69: 23 °C | X69: Manufacturer datasheet typical; recalled | Y69: Low | Z69: Unverified
A70: P66 | B70: 106 | C70: UHMWPE | D70: Moulded/extruded | E70: Typical (range) | F70: 935 | G70: =IF(ISNUMBER(F70),F70/1000,"") -> 0.935 | H70: 0.7 | J70: =IF(AND(ISNUMBER(H70),ISNUMBER(I70)),H70/(2*(1+I70)),"") | K70: 21 | N70: 350 | O70: n/a | P70: 0.4 | S70: =IF(ISNUMBER(L70),"UTS",IF(ISNUMBER(K70),"YS",IF(ISNUMBER(M70),"Flexural","—"))) -> YS | T70: =IF(AND(ISNUMBER(F70),OR(ISNUMBER(L70),ISNUMBER(K70),ISNUMBER(M70))),IF(ISNUMBER(L70),L70,IF(ISNUMBER(K70),K70,M70))*1000/F70,"") -> 22.459893 | U70: =IF(AND(ISNUMBER(F70),ISNUMBER(H70)),H70*1000/F70,"") -> 0.7486631 | W70: 23 °C | X70: Manufacturer datasheet typical; recalled | Y70: Low | Z70: Unverified
A71: P67 | B71: 112 | C71: Alumina (99.5%) | D71: Sintered | E71: Typical (range) | F71: 3890 | G71: =IF(ISNUMBER(F71),F71/1000,"") -> 3.89 | H71: 370 | I71: 0.22 | J71: =IF(AND(ISNUMBER(H71),ISNUMBER(I71)),H71/(2*(1+I71)),"") -> 151.63934 | M71: 350 | O71: ≈1500 HV | P71: 30 | Q71: 8 | S71: =IF(ISNUMBER(L71),"UTS",IF(ISNUMBER(K71),"YS",IF(ISNUMBER(M71),"Flexural","—"))) -> Flexural | T71: =IF(AND(ISNUMBER(F71),OR(ISNUMBER(L71),ISNUMBER(K71),ISNUMBER(M71))),IF(ISNUMBER(L71),L71,IF(ISNUMBER(K71),K71,M71))*1000/F71,"") -> 89.974293 | U71: =IF(AND(ISNUMBER(F71),ISNUMBER(H71)),H71*1000/F71,"") -> 95.115681 | V71: KIC ≈4 MPa√m; Weibull statistics govern strength | W71: RT | X71: Manufacturer datasheet typical; recalled | Y71: Low | Z71: Unverified | AA71: Purity-dependent.
A72: P68 | B72: 113 | C72: SiC (sintered) | D72: Sintered α-SiC | E72: Typical (range) | F72: 3150 | G72: =IF(ISNUMBER(F72),F72/1000,"") -> 3.15 | H72: 410 | I72: 0.17 | J72: =IF(AND(ISNUMBER(H72),ISNUMBER(I72)),H72/(2*(1+I72)),"") -> 175.21368 | M72: 400 | O72: ≈2500 HV | P72: 120 | Q72: 4 | S72: =IF(ISNUMBER(L72),"UTS",IF(ISNUMBER(K72),"YS",IF(ISNUMBER(M72),"Flexural","—"))) -> Flexural | T72: =IF(AND(ISNUMBER(F72),OR(ISNUMBER(L72),ISNUMBER(K72),ISNUMBER(M72))),IF(ISNUMBER(L72),L72,IF(ISNUMBER(K72),K72,M72))*1000/F72,"") -> 126.98413 | U72: =IF(AND(ISNUMBER(F72),ISNUMBER(H72)),H72*1000/F72,"") -> 130.15873 | V72: KIC ≈4 MPa√m | W72: RT | X72: Manufacturer datasheet typical; recalled | Y72: Low | Z72: Unverified | AA72: Route-dependent.
A73: P69 | B73: 114 | C73: ZrO2 (Y-TZP) | D73: Sintered | E73: Typical (range) | F73: 6050 | G73: =IF(ISNUMBER(F73),F73/1000,"") -> 6.05 | H73: 205 | I73: 0.3 | J73: =IF(AND(ISNUMBER(H73),ISNUMBER(I73)),H73/(2*(1+I73)),"") -> 78.846154 | M73: 1000 | O73: ≈1250 HV | P73: 2.5 | Q73: 10.5 | S73: =IF(ISNUMBER(L73),"UTS",IF(ISNUMBER(K73),"YS",IF(ISNUMBER(M73),"Flexural","—"))) -> Flexural | T73: =IF(AND(ISNUMBER(F73),OR(ISNUMBER(L73),ISNUMBER(K73),ISNUMBER(M73))),IF(ISNUMBER(L73),L73,IF(ISNUMBER(K73),K73,M73))*1000/F73,"") -> 165.28926 | U73: =IF(AND(ISNUMBER(F73),ISNUMBER(H73)),H73*1000/F73,"") -> 33.884298 | V73: KIC ≈6–10 MPa√m (method dependent) | W73: RT | X73: Manufacturer datasheet typical; recalled | Y73: Low | Z73: Unverified
A74: P70 | B74: 115 | C74: Si3N4 (gas-pressure sintered) | D74: Sintered | E74: Typical (range) | F74: 3200 | G74: =IF(ISNUMBER(F74),F74/1000,"") -> 3.2 | H74: 310 | I74: 0.27 | J74: =IF(AND(ISNUMBER(H74),ISNUMBER(I74)),H74/(2*(1+I74)),"") -> 122.04724 | M74: 850 | O74: ≈1500 HV | P74: 28 | Q74: 3.2 | S74: =IF(ISNUMBER(L74),"UTS",IF(ISNUMBER(K74),"YS",IF(ISNUMBER(M74),"Flexural","—"))) -> Flexural | T74: =IF(AND(ISNUMBER(F74),OR(ISNUMBER(L74),ISNUMBER(K74),ISNUMBER(M74))),IF(ISNUMBER(L74),L74,IF(ISNUMBER(K74),K74,M74))*1000/F74,"") -> 265.625 | U74: =IF(AND(ISNUMBER(F74),ISNUMBER(H74)),H74*1000/F74,"") -> 96.875 | V74: KIC ≈6 MPa√m | W74: RT | X74: Manufacturer datasheet typical; recalled | Y74: Low | Z74: Unverified
A75: P71 | B75: 116 | C75: WC-Co (≈6% Co) | D75: Sintered | E75: Typical (range) | F75: 14900 | G75: =IF(ISNUMBER(F75),F75/1000,"") -> 14.9 | H75: 620 | I75: 0.22 | J75: =IF(AND(ISNUMBER(H75),ISNUMBER(I75)),H75/(2*(1+I75)),"") -> 254.09836 | M75: 2000 | O75: ≈1500 HV | P75: 100 | Q75: 5.5 | S75: =IF(ISNUMBER(L75),"UTS",IF(ISNUMBER(K75),"YS",IF(ISNUMBER(M75),"Flexural","—"))) -> Flexural | T75: =IF(AND(ISNUMBER(F75),OR(ISNUMBER(L75),ISNUMBER(K75),ISNUMBER(M75))),IF(ISNUMBER(L75),L75,IF(ISNUMBER(K75),K75,M75))*1000/F75,"") -> 134.22819 | U75: =IF(AND(ISNUMBER(F75),ISNUMBER(H75)),H75*1000/F75,"") -> 41.610738 | V75: TRS (flexural) shown; KIC ≈10–12 MPa√m | W75: RT | X75: Manufacturer datasheet typical; recalled | Y75: Low | Z75: Unverified
A76: P72 | B76: 119 | C76: CFRP UD epoxy (Vf≈0.6) | D76: 0° direction | E76: Typical (range) | F76: 1560 | G76: =IF(ISNUMBER(F76),F76/1000,"") -> 1.56 | H76: 135 | J76: =IF(AND(ISNUMBER(H76),ISNUMBER(I76)),H76/(2*(1+I76)),"") | L76: 1800 | N76: 1.4 | O76: n/a | Q76: -0.3 | S76: =IF(ISNUMBER(L76),"UTS",IF(ISNUMBER(K76),"YS",IF(ISNUMBER(M76),"Flexural","—"))) -> UTS | T76: =IF(AND(ISNUMBER(F76),OR(ISNUMBER(L76),ISNUMBER(K76),ISNUMBER(M76))),IF(ISNUMBER(L76),L76,IF(ISNUMBER(K76),K76,M76))*1000/F76,"") -> 1153.8462 | U76: =IF(AND(ISNUMBER(F76),ISNUMBER(H76)),H76*1000/F76,"") -> 86.538462 | V76: E2 ≈9 GPa, G12 ≈5 GPa, ν12 ≈0.3; compression ≈1200–1500 MPa; ILSS ≈70–90 MPa | W76: RT | X76: Manufacturer datasheet typical; recalled | Y76: Low | Z76: Unverified | AA76: Strongly anisotropic — values only along fibre.
A77: P73 | B77: 120 | C77: GFRP UD E-glass/epoxy (Vf≈0.55) | D77: 0° direction | E77: Typical (range) | F77: 1950 | G77: =IF(ISNUMBER(F77),F77/1000,"") -> 1.95 | H77: 40 | J77: =IF(AND(ISNUMBER(H77),ISNUMBER(I77)),H77/(2*(1+I77)),"") | L77: 900 | N77: 2.5 | O77: n/a | S77: =IF(ISNUMBER(L77),"UTS",IF(ISNUMBER(K77),"YS",IF(ISNUMBER(M77),"Flexural","—"))) -> UTS | T77: =IF(AND(ISNUMBER(F77),OR(ISNUMBER(L77),ISNUMBER(K77),ISNUMBER(M77))),IF(ISNUMBER(L77),L77,IF(ISNUMBER(K77),K77,M77))*1000/F77,"") -> 461.53846 | U77: =IF(AND(ISNUMBER(F77),ISNUMBER(H77)),H77*1000/F77,"") -> 20.512821 | V77: Transverse values far lower | W77: RT | X77: Manufacturer datasheet typical; recalled | Y77: Low | Z77: Unverified | AA77: Strongly anisotropic.
A78: P74 | B78: 125 | C78: Invar 36 | D78: Annealed | E78: Typical | F78: 8050 | G78: =IF(ISNUMBER(F78),F78/1000,"") -> 8.05 | H78: 141 | I78: 0.26 | J78: =IF(AND(ISNUMBER(H78),ISNUMBER(I78)),H78/(2*(1+I78)),"") -> 55.952381 | O78: n/a | P78: 10.5 | Q78: 1.3 | R78: 7.5e-07 | S78: =IF(ISNUMBER(L78),"UTS",IF(ISNUMBER(K78),"YS",IF(ISNUMBER(M78),"Flexural","—"))) -> — | T78: =IF(AND(ISNUMBER(F78),OR(ISNUMBER(L78),ISNUMBER(K78),ISNUMBER(M78))),IF(ISNUMBER(L78),L78,IF(ISNUMBER(K78),K78,M78))*1000/F78,"") | U78: =IF(AND(ISNUMBER(F78),ISNUMBER(H78)),H78*1000/F78,"") -> 17.515528 | V78: CTE rises above Curie temperature (≈230 °C) | W78: RT | X78: Handbook typical (ASM/MatWeb-type); recalled, not re-fetched | Y78: Medium | Z78: Conditionally verified | AA78: CTE value applies near RT.
A79: P75 | B79: 126 | C79: Kovar | D79: Annealed | E79: Typical | F79: 8360 | G79: =IF(ISNUMBER(F79),F79/1000,"") -> 8.36 | H79: 138 | J79: =IF(AND(ISNUMBER(H79),ISNUMBER(I79)),H79/(2*(1+I79)),"") | O79: n/a | P79: 17 | Q79: 5.5 | R79: 4.9e-07 | S79: =IF(ISNUMBER(L79),"UTS",IF(ISNUMBER(K79),"YS",IF(ISNUMBER(M79),"Flexural","—"))) -> — | T79: =IF(AND(ISNUMBER(F79),OR(ISNUMBER(L79),ISNUMBER(K79),ISNUMBER(M79))),IF(ISNUMBER(L79),L79,IF(ISNUMBER(K79),K79,M79))*1000/F79,"") | U79: =IF(AND(ISNUMBER(F79),ISNUMBER(H79)),H79*1000/F79,"") -> 16.507177 | V79: CTE 30–400 °C approx. | W79: RT | X79: Handbook typical (ASM/MatWeb-type); recalled, not re-fetched | Y79: Medium | Z79: Conditionally verified
A80: P76 | B80: 127 | C80: Molybdenum | D80: Wrought | E80: Typical | F80: 10220 | G80: =IF(ISNUMBER(F80),F80/1000,"") -> 10.22 | H80: 329 | I80: 0.31 | J80: =IF(AND(ISNUMBER(H80),ISNUMBER(I80)),H80/(2*(1+I80)),"") -> 125.57252 | O80: n/a | P80: 138 | Q80: 4.8 | R80: 5.34e-08 | S80: =IF(ISNUMBER(L80),"UTS",IF(ISNUMBER(K80),"YS",IF(ISNUMBER(M80),"Flexural","—"))) -> — | T80: =IF(AND(ISNUMBER(F80),OR(ISNUMBER(L80),ISNUMBER(K80),ISNUMBER(M80))),IF(ISNUMBER(L80),L80,IF(ISNUMBER(K80),K80,M80))*1000/F80,"") | U80: =IF(AND(ISNUMBER(F80),ISNUMBER(H80)),H80*1000/F80,"") -> 32.191781 | V80: Oxidises rapidly in air above ≈500–600 °C | W80: RT | X80: Handbook typical (ASM/MatWeb-type); recalled, not re-fetched | Y80: Medium | Z80: Conditionally verified
A81: P77 | B81: 128 | C81: Tungsten | D81: Wrought/sintered | E81: Typical | F81: 19250 | G81: =IF(ISNUMBER(F81),F81/1000,"") -> 19.25 | H81: 411 | I81: 0.28 | J81: =IF(AND(ISNUMBER(H81),ISNUMBER(I81)),H81/(2*(1+I81)),"") -> 160.54688 | O81: n/a | P81: 173 | Q81: 4.5 | R81: 5.28e-08 | S81: =IF(ISNUMBER(L81),"UTS",IF(ISNUMBER(K81),"YS",IF(ISNUMBER(M81),"Flexural","—"))) -> — | T81: =IF(AND(ISNUMBER(F81),OR(ISNUMBER(L81),ISNUMBER(K81),ISNUMBER(M81))),IF(ISNUMBER(L81),L81,IF(ISNUMBER(K81),K81,M81))*1000/F81,"") | U81: =IF(AND(ISNUMBER(F81),ISNUMBER(H81)),H81*1000/F81,"") -> 21.350649 | W81: RT | X81: Handbook typical (ASM/MatWeb-type); recalled, not re-fetched | Y81: Medium | Z81: Conditionally verified
A82: P78 | B82: 130 | C82: Austenitic manganese steel (A128) | D82: Water-toughened | E82: Typical | F82: 7800 | G82: =IF(ISNUMBER(F82),F82/1000,"") -> 7.8 | J82: =IF(AND(ISNUMBER(H82),ISNUMBER(I82)),H82/(2*(1+I82)),"") | O82: ≈200 HBW; work-hardened surface ≈400–550 HBW | S82: =IF(ISNUMBER(L82),"UTS",IF(ISNUMBER(K82),"YS",IF(ISNUMBER(M82),"Flexural","—"))) -> — | T82: =IF(AND(ISNUMBER(F82),OR(ISNUMBER(L82),ISNUMBER(K82),ISNUMBER(M82))),IF(ISNUMBER(L82),L82,IF(ISNUMBER(K82),K82,M82))*1000/F82,"") | U82: =IF(AND(ISNUMBER(F82),ISNUMBER(H82)),H82*1000/F82,"") | V82: Hardening requires impact/deformation | W82: RT | X82: Handbook typical (ASM/MatWeb-type); recalled, not re-fetched | Y82: Low | Z82: Unverified | AA82: Grade-dependent.
A83: P79 | B83: 131 | C83: Hardox 400 | D83: Plate (manufacturer typical) | E83: Manufacturer typical | F83: 7850 | G83: =IF(ISNUMBER(F83),F83/1000,"") -> 7.85 | H83: 200 | I83: 0.3 | J83: =IF(AND(ISNUMBER(H83),ISNUMBER(I83)),H83/(2*(1+I83)),"") -> 76.923077 | K83: 1000 | L83: 1250 | N83: 10 | O83: 370–430 HBW (SSAB) | S83: =IF(ISNUMBER(L83),"UTS",IF(ISNUMBER(K83),"YS",IF(ISNUMBER(M83),"Flexural","—"))) -> UTS | T83: =IF(AND(ISNUMBER(F83),OR(ISNUMBER(L83),ISNUMBER(K83),ISNUMBER(M83))),IF(ISNUMBER(L83),L83,IF(ISNUMBER(K83),K83,M83))*1000/F83,"") -> 159.23567 | U83: =IF(AND(ISNUMBER(F83),ISNUMBER(H83)),H83*1000/F83,"") -> 25.477707 | W83: RT | X83: Manufacturer datasheet typical; recalled | Y83: Medium | Z83: Conditionally verified | AA83: E, ν generic steel; check current datasheet.
A84: P80 | B84: 132 | C84: Hardox 450 | D84: Plate (manufacturer typical) | E84: Manufacturer typical | F84: 7850 | G84: =IF(ISNUMBER(F84),F84/1000,"") -> 7.85 | H84: 200 | I84: 0.3 | J84: =IF(AND(ISNUMBER(H84),ISNUMBER(I84)),H84/(2*(1+I84)),"") -> 76.923077 | K84: 1200 | L84: 1400 | N84: 10 | O84: 425–475 HBW (SSAB) | S84: =IF(ISNUMBER(L84),"UTS",IF(ISNUMBER(K84),"YS",IF(ISNUMBER(M84),"Flexural","—"))) -> UTS | T84: =IF(AND(ISNUMBER(F84),OR(ISNUMBER(L84),ISNUMBER(K84),ISNUMBER(M84))),IF(ISNUMBER(L84),L84,IF(ISNUMBER(K84),K84,M84))*1000/F84,"") -> 178.34395 | U84: =IF(AND(ISNUMBER(F84),ISNUMBER(H84)),H84*1000/F84,"") -> 25.477707 | W84: RT | X84: Manufacturer datasheet typical; recalled | Y84: Low | Z84: Unverified | AA84: Check current datasheet.

Sheet Grain & Crystal Structure
A1: Sheet 4 — Grain, Crystal & Microstructure Reference (family level)
A2: Numbers in [ ] are Master No. from the upload. Grain size and phases depend on processing; no family-wide single value is implied. Statements are textbook-level knowledge, not re-checked against sources.
A4: ID | B4: Family / group | C4: Representative grades [Master No.] | D4: Crystal structure at RT | E4: Phases / constituents | F4: Typical grain / microstructure | G4: Strengthening mechanisms | H4: Heat-treatment / processing response | I4: Structure → property effects & key risks | J4: Metallography / grain-size method | K4: Verification status
A5: GS01 | B5: Low-carbon / structural steels | C5: 1006–1025, A36, IS 2062 E250 [1–6,12,14] | D5: BCC α-ferrite (+ orthorhombic Fe3C) | E5: Ferrite + pearlite | F5: Equiaxed ferrite (hot-rolled/normalised); elongated + dislocation-dense (cold-drawn) | G5: Grain-boundary (Hall–Petch), solid solution (Mn, Si), work hardening | H5: Normalise to refine grain; cold work raises strength; limited hardenability | I5: Fine grain → higher yield and lower ductile-brittle transition temperature (BCC DBTT); banding and decarburisation are quality risks | J5: ASTM E112 grain size; E3/E407 prep/etch; E45 inclusions | K5: Conditionally verified
A6: GS02 | B6: Medium/high-carbon steels | C6: 1035–1060, 65Mn [7–11,55] | D6: BCC α-ferrite + Fe3C; BCT martensite when quenched | E6: Pearlite fraction rises with C | F6: Pearlite colonies/lamellar spacing; spheroidised for machinability | G6: Pearlite spacing, martensite (carbon), tempering carbides | H6: Q&T; induction hardening; as-quenched BCT c/a ≈1+0.045·%C (approx.) | I6: Fine pearlite = strength; coarse = ductility; quench cracking above ≈0.4–0.5%C in water | J6: E112; hardness traverse; E3 | K6: Conditionally verified
A7: GS03 | B7: HSLA structural steels | C7: E350, A572 Gr50 [13,15] | D7: BCC ferrite + pearlite/bainite | E7: Nb/V/Ti carbonitrides | F7: Very fine ferrite from controlled rolling (TMCP) | G7: Grain refinement, precipitation, solid solution | H7: Controlled rolling/accelerated cooling; no Q&T | I7: HAZ grain coarsening/ MA constituents reduce toughness; weld procedure & CE control | J7: E112; Charpy per grade | K7: Conditionally verified
A8: GS04 | B8: Q&T Cr-Mo / Ni-Cr-Mo steels | C8: 4130, 4140, 4340, 42CrMo4, 34CrNiMo6, 25CrMo4 [16–18,25,26] | D8: BCT martensite (as-quenched) → tempered martensite (BCC + carbides) | E8: Retained austenite (FCC) minor; bainite in thick sections | F8: Lath martensite packets within prior-austenite grains | G8: Martensite carbon, carbide precipitation, dislocation density | H8: Austenitise → quench → temper; temper temp sets strength/toughness | I8: Temper embrittlement (≈375–575 °C) and tempered-martensite embrittlement (≈250–400 °C); hydrogen embrittlement rises with strength; prior-austenite grain size controls toughness | J8: E112 (PAGS); E3; hardness; Charpy | K8: Conditionally verified
A9: GS05 | B9: Case-hardening steels | C9: 8620, 9310, 16MnCr5, 20MnCr5, 18CrNiMo7-6 [19–22,27] | D9: Case: BCT/BCC tempered martensite + carbides + retained austenite (FCC); core: low-C martensite/bainite | E9: Carbide networks, retained austenite, intergranular oxidation in case | F9: Case/core gradient (case depth typically ≈0.5–2 mm for gears) | G9: Carbon gradient, martensite, compressive residual stress | H9: Carburise ≈880–950 °C → quench → low temper; or carbonitride/nitride | I9: Contact/bending fatigue depend on case depth, retained austenite, inclusions; grinding burn | J9: ISO 2639 / E1077 case/decarb; microhardness E384; E3 | K9: Conditionally verified
A10: GS06 | B10: Bearing steel | C10: 52100 / 100Cr6 [52] | D10: Tempered martensite + spheroidal (Fe,Cr)3C carbides | E10: Retained austenite (few %), carbides ≈ 0.5–1 µm | F10: Fine, uniform carbide dispersion | G10: Martensite + carbides | H10: Spheroidise anneal → harden → temper (≈60–66 HRC) | I10: Rolling-contact fatigue controlled by inclusions; white-etching cracks | J10: E45/ISO 4967 cleanliness; E3; hardness | K10: Conditionally verified
A11: GS07 | B11: Spring steels | C11: 5160, 9254, 65Mn [53–55] | D11: Tempered martensite (BCC + carbides) | E11: Minor retained austenite | F11: Fine tempered martensite; surface must be free of decarb | G11: Martensite + tempering | H11: Oil quench + temper (≈42–52 HRC typical) | I11: Fatigue initiates at surface defects/decarburisation; shot peening helps | J11: E1077 decarb; hardness | K11: Conditionally verified
A12: GS08 | B12: Tool steels (cold-work) | C12: O1, A2, D2 [45–47] | D12: BCT martensite + carbides (cementite / M7C3) | E12: Retained austenite (FCC) | F12: Carbide size/banding strongly alloy-dependent (D2 coarse) | G12: Martensite + hard carbides | H12: Harden + multiple tempers; D2 secondary hardening | I12: Chipping (D2), distortion, quench cracking | J12: E3; hardness; carbide rating | K12: Conditionally verified
A13: GS09 | B13: Tool steels (hot-work & HSS) | C13: H11, H13, M2, M35 [48–51] | D13: Tempered martensite + MC/M6C/M2C carbides | E13: Retained austenite converted by multiple tempers | F13: Fine carbides, secondary hardening | G13: Secondary hardening carbides | H13: Austenitise → quench → 2–3 tempers | I13: Thermal fatigue (heat checking), temper softening, banding | J13: E3; hardness; microstructure rating | K13: Conditionally verified
A14: GS10 | B14: Austenitic stainless | C14: 201, 301, 304/L, 316/L, 321, 310S [31–38] | D14: FCC γ-austenite | E14: Possible δ-ferrite, strain-induced α′ martensite, carbides, sigma (long exposure) | F14: Equiaxed twinned grains | G14: Solid solution (N, Mo, C), cold work | H14: Solution anneal & quench; cold work for strength (301) | I14: No DBTT (FCC); sensitisation ≈450–850 °C; chloride SCC; strain-induced martensite makes 301/304 slightly magnetic after cold work | J14: ASTM A262 IGC; E112; ferrite number | K14: Conditionally verified
A15: GS11 | B15: Ferritic / martensitic stainless | C15: 410, 420, 430, 440C [39–42] | D15: BCC ferrite (430); BCT martensite (410/420/440C) | E15: Cr carbides; 440C has large primary carbides | F15: Coarse-grain risk in ferritic after welding | G15: Martensite (C), carbides | H15: Harden + temper (martensitic); anneal (ferritic) | I15: Reduced corrosion resistance if tempered in sensitising range; ferritic DBTT near RT in thick sections | J15: E3; hardness; salt-spray/ASTM A262-type tests as applicable | K15: Conditionally verified
... A37: GS33 | B37: Additive-manufactured metals | C37: AlSi10Mg, 316L, Ti64, IN718 (gap list) | D37: Same crystal structures as wrought but non-equilibrium microstructure | E37: Porosity, lack-of-fusion, α′ martensite (Ti64), cellular segregation | F37: Columnar grains along build direction; very fine cells; strong texture | G37: Cellular structure, grain refinement, dislocations | H37: Stress relief, HIP, solution/age | I37: Anisotropy (build direction), rough surface lowers fatigue, residual stress, powder reuse (O pickup) | J37: ASTM E3/E112; F3122 (verify); CT/density | K37: Conditionally verified
A40: Crystal-structure fundamentals
A41: # | B41: Structure | C41: Examples | D41: Coordination / packing | E41: Slip systems | F41: Behaviour
A42: 1 | B42: BCC | C42: α-Fe, Cr, Mo, W, V; ferritic steels | D42: CN 8, APF 0.68 | E42: 12 primary {110}<111> (up to 48 incl. {112},{123}) | F42: Yes — ductile-to-brittle transition; strength rises strongly at low T/high strain rate
A43: 2 | B43: FCC | C43: γ-Fe, Al, Cu, Ni, Pb; austenitic SS, Ni alloys | D43: CN 12, APF 0.74 | E43: 12 {111}<110> | F43: No DBTT — ductile at cryogenic T; high work-hardening
A44: 3 | B44: HCP | C44: Ti (α), Mg, Zn, Zr, Be, Co (ε) | D44: CN 12, APF 0.74 (ideal c/a) | E44: Basal <a> (3) at RT; prismatic/pyramidal depend on metal & T | F44: Limited RT slip in Mg/Zn → anisotropy, twinning; Ti has more slip modes
A45: 4 | B45: BCT (martensite) | C45: Fast-quenched steel (C trapped in octahedral sites) | D45: c/a ≈ 1 + 0.045·wt%C (approx.) | E45: Distorted BCC; very high dislocation density | F45: Hard/brittle until tempered (→ BCC + carbides)
A48: Reference transformation temperatures / compositions (approximate)
A49: # | B49: Item | C49: Approximate value
A50: 1 | B50: α-Fe ↔ γ-Fe transformation (pure Fe) | C50: ≈912 °C (BCC→FCC); δ-Fe BCC ≈1394–1538 °C
A51: 2 | B51: Fe–C eutectoid | C51: ≈727 °C, ≈0.76 wt% C
A52: 3 | B52: Fe–C eutectic | C52: ≈1147 °C, ≈4.3 wt% C
A53: 4 | B53: Max C solubility | C53: ≈0.022 wt% in ferrite (727 °C); ≈2.14 wt% in austenite (1147 °C)
A54: 5 | B54: Ti β transus | C54: Pure Ti ≈882 °C; Ti-6Al-4V ≈995 °C (typical, composition dependent)
A55: 6 | B55: Al–Si eutectic | C55: ≈577 °C, ≈12.6 wt% Si
A56: 7 | B56: Sn (white tin) | C56: β-Sn BCT at RT; α-tin (diamond cubic) below ≈13 °C
A57: 8 | B57: Co | C57: HCP (ε) at RT; FCC above ≈417 °C

Sheet Formulas & Worked Examples
A1: Sheet 5 — Formula Register & Worked Examples
A2: Yellow/blue = assumed input (change to re-run); green = linked from Sheet 3; grey = formula. Each block ends with an independent-path check and a computed status.
A4: Block | B4: Quantity / step | C4: Symbol | D4: Value | E4: Unit | F4: Type | G4: Equation / assumptions / note | H4: Status
A5: B1 | B5: Density & unit conversion | G5: Equation: ρ = m / V ; 1 g/cm³ = 1000 kg/m³ (ρ in kg/m³, m in kg, V in m³)
B6: Assumptions / applicability | G6: Homogeneous solid, no voids; mass and dimensions measured at same temperature.
A7: B1 | B7: Mass | C7: m | D7: 0.785 | E7: kg | F7: Input | G7: Assumed example (steel block)
A8: B1 | B8: Length | C8: Lx | D8: 0.1 | E8: m | F8: Input
A9: B1 | B9: Width | C9: Ly | D9: 0.05 | E9: m | F9: Input
A10: B1 | B10: Height | C10: Lz | D10: 0.02 | E10: m | F10: Input
A11: B1 | B11: Volume | C11: V | D11: =D8*D9*D10 -> 0.0001 | E11: m³ | F11: Calc | G11: V = Lx·Ly·Lz
A12: B1 | B12: Density | C12: ρ | D12: =D7/D11 -> 7850 | E12: kg/m³ | F12: Calc | G12: ρ = m/V
A13: B1 | B13: Density (converted) | C13: ρ | D13: =D12/1000 -> 7.85 | E13: g/cm³ | F13: Calc | G13: Conversion factor 1000
A14: B1 | B14: Check: grams ÷ cm³ | C14: ρ_chk | D14: =(D7*1000)/((D8*100)*(D9*100)*(D10*100)) -> 7.85 | E14: g/cm³ | F14: Check | G14: Independent path in g and cm
A15: B1 | B15: Verification tolerance (relative) | C15: tol | D15: 0.005 | E15: – | F15: Input | G15: Pass if |check − result| / result ≤ tol
A16: B1 | B16: Independent check: |chk − rhog| / rhog | C16: Δrel | D16: =ABS(D14-D13)/ABS(D13) -> 0 | E16: – | F16: Status | G16: Relative difference between primary and independent route | H16: =IF(D16<=D15,"Verified","Incorrect") -> Verified
A18: B2 | B18: Linear thermal expansion | G18: Equation: ΔL = α·L0·ΔT (α in K⁻¹; ΔT in K)
B19: Assumptions / applicability | G19: Constant α is acceptable for modest ΔT (≈ <100–200 K) away from phase changes; use dL/L tables for wide ranges, cryogenic service, Invar/polymers.
A20: B2 | B20: Original length | C20: L0 | D20: 1 | E20: m | F20: Input | G20: Assumed example
A21: B2 | B21: CTE of AA 6061-T6 (Sheet 3) | C21: α | D21: ='Material Properties'!Q37 -> 23.6 | E21: µm/(m·K) | F21: Linked | G21: Linked
A22: B2 | B22: Temperature change | C22: ΔT | D22: 80 | E22: K | F22: Input | G22: Assumed
A23: B2 | B23: Length change | C23: ΔL | D23: =D21*0.000001*D20*D22 -> 0.001888 | E23: m | F23: Calc | G23: α converted to K⁻¹
A24: B2 | B24: Length change | C24: ΔL | D24: =D23*1000 -> 1.888 | E24: mm | F24: Calc
A25: B2 | B25: Check: µm route | C25: ΔL_chk | D25: =D21*D20*D22/1000 -> 1.888 | E25: mm | F25: Check | G25: α[µm/m·K]×L0[m]×ΔT[K] = µm
A26: B2 | B26: Verification tolerance (relative) | C26: tol | D26: 0.005 | E26: – | F26: Input | G26: Pass if |check − result| / result ≤ tol
A27: B2 | B27: Independent check: |chk − dLmm| / dLmm | C27: Δrel | D27: =ABS(D25-D24)/ABS(D24) -> 0 | E27: – | F27: Status | G27: Relative difference between primary and independent route | H27: =IF(D27<=D26,"Verified","Incorrect") -> Verified
A29: B3 | B29: Electrical resistance of a conductor | G29: Equation: R = ρe·L / A (ρe = electrical resistivity, Ω·m — NOT mass density)
B30: Assumptions / applicability | G30: Uniform round wire, DC, 20 °C; temperature coefficient not included.
A31: B3 | B31: Resistivity (annealed Cu, 100% IACS) | C31: ρe | D31: 1.7241e-08 | E31: Ω·m | F31: Input | G31: International Annealed Copper Standard value
A32: B3 | B32: Length | C32: L | D32: 100 | E32: m | F32: Input | G32: Assumed
A33: B3 | B33: Wire diameter | C33: d | D33: 0.002 | E33: m | F33: Input | G33: Assumed
A34: B3 | B34: Cross-section | C34: A | D34: =PI()*D33^2/4 -> 3.1415927e-06 | E34: m² | F34: Calc
A35: B3 | B35: Resistance | C35: R | D35: =D31*D32/D34 -> 0.54879807 | E35: Ω | F35: Calc
A36: B3 | B36: Check: Ω·mm²/m route | C36: R_chk | D36: =(D31*1000000)*D32/(PI()*(D33*1000)^2/4) -> 0.54879807 | E36: Ω | F36: Check | G36: ρ converted to Ω·mm²/m
A37: B3 | B37: Verification tolerance (relative) | C37: tol | D37: 0.005 | E37: – | F37: Input | G37: Pass if |check − result| / result ≤ tol
A38: B3 | B38: Independent check: |chk − R| / R | C38: Δrel | D38: =ABS(D36-D35)/ABS(D35) -> 0 | E38: – | F38: Status | G38: Relative difference between primary and independent route | H38: =IF(D38<=D37,"Verified","Incorrect") -> Verified
A40: B4 | B40: Specific strength & specific stiffness (AA 6061-T6) | G40: Equation: σ/ρ and E/ρ — here σ = UTS (state the strength definition used)
B41: Assumptions / applicability | G41: Consistent SI units; only meaningful for comparison at equal load path (see Material Selection indices).
A42: B4 | B42: UTS (Sheet 3) | C42: σ | D42: ='Material Properties'!L37 -> 310 | E42: MPa | F42: Linked | G42: Linked
A43: B4 | B43: Density (Sheet 3) | C43: ρ | D43: ='Material Properties'!F37 -> 2700 | E43: kg/m³ | F43: Linked | G43: Linked
A44: B4 | B44: E (Sheet 3) | C44: E | D44: ='Material Properties'!H37 -> 68.9 | E44: GPa | F44: Linked | G44: Linked
A45: B4 | B45: Specific strength | C45: σ/ρ | D45: =D42*1000/D43 -> 114.81481 | E45: kN·m/kg | F45: Calc | G45: MPa ÷ (kg/m³) = 1000 N·m/kg
A46: B4 | B46: Specific stiffness | C46: E/ρ | D46: =D44*1000/D43 -> 25.518519 | E46: MN·m/kg | F46: Calc
A47: B4 | B47: Check: MPa ÷ (g/cm³) | C47: (σ/ρ)_chk | D47: =D42/(D43/1000) -> 114.81481 | E47: kN·m/kg | F47: Check | G47: Numerically equal
A48: B4 | B48: Check: GPa ÷ (g/cm³) | C48: (E/ρ)_chk | D48: =D44/(D43/1000) -> 25.518519 | E48: MN·m/kg | F48: Check
A49: B4 | B49: Verification tolerance (relative) | C49: tol | D49: 0.005 | E49: – | F49: Input | G49: Pass if |check − result| / result ≤ tol
A50: B4 | B50: Independent check: |chk − ss| / ss | C50: Δrel | D50: =ABS(D47-D45)/ABS(D45) -> 0 | E50: – | F50: Status | G50: Relative difference between primary and independent route | H50: =IF(D50<=D49,"Verified","Incorrect") -> Verified
A51: B4 | B51: Independent check: |chk2 − sf| / sf | C51: Δrel | D51: =ABS(D48-D46)/ABS(D46) -> 0 | E51: – | F51: Status | G51: Relative difference between primary and independent route | H51: =IF(D51<=D49,"Verified","Incorrect") -> Verified
A53: B5 | B53: Engineering stress, strain, Hooke's law | G53: Equation: σ = F/A0 ; ε = σ/E ; ΔL = ε·L0
B54: Assumptions / applicability | G54: Axial, uniform stress, linear-elastic (σ below yield), small strain.
A55: B5 | B55: Axial force | C55: F | D55: 20 | E55: kN | F55: Input | G55: Assumed
A56: B5 | B56: Original area | C56: A0 | D56: 100 | E56: mm² | F56: Input | G56: Assumed
A57: B5 | B57: Gauge length | C57: L0 | D57: 50 | E57: mm | F57: Input | G57: Assumed
A58: B5 | B58: E, AISI 1045 HR (Sheet 3) | C58: E | D58: ='Material Properties'!H6 -> 205 | E58: GPa | F58: Linked | G58: Linked
A59: B5 | B59: Stress | C59: σ | D59: =D55*1000/D56 -> 200 | E59: MPa | F59: Calc | G59: N/mm²
A60: B5 | B60: Strain | C60: ε | D60: =D59/(D58*1000) -> 0.00097560976 | E60: – | F60: Calc
A61: B5 | B61: Elongation | C61: ΔL | D61: =D60*D57 -> 0.048780488 | E61: mm | F61: Calc
A62: B5 | B62: Check: SI route ΔL = F·L0/(A·E) | C62: ΔL_chk | D62: =(D55*1000)*(D57/1000)/((D56*0.000001)*(D58*1000000000))*1000 -> 0.048780488 | E62: mm | F62: Check | G62: All SI then converted
A63: B5 | B63: Verification tolerance (relative) | C63: tol | D63: 0.005 | E63: – | F63: Input | G63: Pass if |check − result| / result ≤ tol
A64: B5 | B64: Independent check: |chk − dL| / dL | C64: Δrel | D64: =ABS(D62-D61)/ABS(D61) -> 0 | E64: – | F64: Status | G64: Relative difference between primary and independent route | H64: =IF(D64<=D63,"Verified","Incorrect") -> Verified
A66: B6 | B66: Bending stress (rectangular beam) | G66: Equation: σ = M·c / I ; I = b·h³/12 ; c = h/2
B67: Assumptions / applicability | G67: Prismatic, linear-elastic, Euler–Bernoulli, no stress concentration, load in a principal plane.
A68: B6 | B68: Bending moment | C68: M | D68: 1500 | E68: N·m | F68: Input | G68: Assumed
A69: B6 | B69: Width | C69: b | D69: 0.03 | E69: m | F69: Input
A70: B6 | B70: Depth | C70: h | D70: 0.05 | E70: m | F70: Input
A71: B6 | B71: Second moment of area | C71: I | D71: =D69*D70^3/12 -> 3.125e-07 | E71: m⁴ | F71: Calc
A72: B6 | B72: Distance to outer fibre | C72: c | D72: =D70/2 -> 0.025 | E72: m | F72: Calc
A73: B6 | B73: Max bending stress | C73: σ | D73: =D68*D72/D71/1000000 -> 120 | E73: MPa | F73: Calc
A74: B6 | B74: Check: σ = 6M/(b·h²) | C74: σ_chk | D74: =6*D68/(D69*D70^2)/1000000 -> 120 | E74: MPa | F74: Check | G74: Section-modulus form
A75: B6 | B75: Verification tolerance (relative) | C75: tol | D75: 0.005 | E75: – | F75: Input | G75: Pass if |check − result| / result ≤ tol
A76: B6 | B76: Independent check: |chk − sig| / sig | C76: Δrel | D76: =ABS(D74-D73)/ABS(D73) -> 0 | E76: – | F76: Status | G76: Relative difference between primary and independent route | H76: =IF(D76<=D75,"Verified","Incorrect") -> Verified
A78: B7 | B78: Torsional shear stress (solid round shaft) | G78: Equation: τ = T·r / J ; J = π·d⁴/32
B79: Assumptions / applicability | G79: Solid circular section, elastic, no keyway/shoulder stress concentration.
A80: B7 | B80: Torque | C80: T | D80: 500 | E80: N·m | F80: Input | G80: Assumed
A81: B7 | B81: Diameter | C81: d | D81: 0.03 | E81: m | F81: Input
A82: B7 | B82: Polar moment | C82: J | D82: =PI()*D81^4/32 -> 7.9521564e-08 | E82: m⁴ | F82: Calc
A83: B7 | B83: Max shear stress | C83: τ | D83: =D80*(D81/2)/D82/1000000 -> 94.31404 | E83: MPa | F83: Calc
A84: B7 | B84: Check: τ = 16T/(π·d³) | C84: τ_chk | D84: =16*D80/(PI()*D81^3)/1000000 -> 94.31404 | E84: MPa | F84: Check
A85: B7 | B85: Verification tolerance (relative) | C85: tol | D85: 0.005 | E85: – | F85: Input | G85: Pass if |check − result| / result ≤ tol
A86: B7 | B86: Independent check: |chk − tau| / tau | C86: Δrel | D86: =ABS(D84-D83)/ABS(D83) -> 0 | E86: – | F86: Status | G86: Relative difference between primary and independent route | H86: =IF(D86<=D85,"Verified","Incorrect") -> Verified
A88: B8 | B88: Factor of safety (yield basis) | G88: Equation: n = S_y / σ_working (ductile metals; use UTS or fracture basis for brittle materials)
B89: Assumptions / applicability | G89: Static load; σ_working must include stress concentrations/dynamic factors for real design; compare with code-required factors.
A90: B8 | B90: Yield, AISI 4140 Q&T (Sheet 3) | C90: S_y | D90: ='Material Properties'!K13 -> 655 | E90: MPa | F90: Linked | G90: Linked (single tempering point)
A91: B8 | B91: Working stress (from B6) | C91: σ | D91: =D73 -> 120 | E91: MPa | F91: Calc | G91: Linked to block B6
A92: B8 | B92: Factor of safety | C92: n | D92: =D90/D91 -> 5.4583333 | E92: – | F92: Calc
A93: B8 | B93: Check: reciprocal route | C93: n_chk | D93: =1/(D91/D90) -> 5.4583333 | E93: – | F93: Check
A94: B8 | B94: Verification tolerance (relative) | C94: tol | D94: 0.005 | E94: – | F94: Input | G94: Pass if |check − result| / result ≤ tol
A95: B8 | B95: Independent check: |chk − n| / n | C95: Δrel | D95: =ABS(D93-D92)/ABS(D92) -> 0 | E95: – | F95: Status | G95: Relative difference between primary and independent route | H95: =IF(D95<=D94,"Verified","Incorrect") -> Verified
A97: B9 | B97: Thermal stress (fully restrained) | G97: Equation: σ = E·α·ΔT
B98: Assumptions / applicability | G98: Full restraint, uniform temperature, linear-elastic, constant E and α, σ below yield; real restraint is partial.
A99: B9 | B99: E, AISI 1045 HR (Sheet 3) | C99: E | D99: ='Material Properties'!H6 -> 205 | E99: GPa | F99: Linked | G99: Linked
A100: B9 | B100: CTE, AISI 1045 HR (Sheet 3) | C100: α | D100: ='Material Properties'!Q6 -> 11.9 | E100: µm/(m·K) | F100: Linked | G100: Linked
A101: B9 | B101: Temperature rise | C101: ΔT | D101: 50 | E101: K | F101: Input | G101: Assumed
A102: B9 | B102: Thermal stress | C102: σ | D102: =D99*1000*D100*0.000001*D101 -> 121.975 | E102: MPa | F102: Calc
A103: B9 | B103: Check: SI route | C103: σ_chk | D103: =(D99*1000000000)*(D100*0.000001)*D101/1000000 -> 121.975 | E103: MPa | F103: Check
A104: B9 | B104: Verification tolerance (relative) | C104: tol | D104: 0.005 | E104: – | F104: Input | G104: Pass if |check − result| / result ≤ tol
A105: B9 | B105: Independent check: |chk − sg| / sg | C105: Δrel | D105: =ABS(D103-D102)/ABS(D102) -> 0 | E105: – | F105: Status | G105: Relative difference between primary and independent route | H105: =IF(D105<=D104,"Verified","Incorrect") -> Verified
A107: B10 | B107: Fatigue design parameter — modified Goodman factor of safety | G107: Equation: 1/n = σa/Se + σm/Sut ; Se ≈ 0.5·Sut (steel, Sut ≤ ~1400 MPa, rotating-beam specimen)
B108: Assumptions / applicability | G108: Infinite-life, proportional loading, uniaxial; real Se needs Marin factors (surface, size, load, reliability, notch). Illustrative inputs.
A109: B10 | B109: Alternating stress | C109: σa | D109: 100 | E109: MPa | F109: Input | G109: Assumed
A110: B10 | B110: Mean stress | C110: σm | D110: 150 | E110: MPa | F110: Input | G110: Assumed
...

Sheet Testing Methods
A1: Sheet 6 — Testing-Method Register
A2: Test methods are kept distinct from product specifications and acceptance criteria. Tests are NOT universally mandatory — requirements come from the drawing, PO, product spec or governing code.
A4: ID | B4: Test / examination | C4: Purpose / output | D4: Applicable materials | E4: Specimen / sample requirement | F4: Key limitations | G4: ASTM reference | H4: ISO reference | I4: IS (BIS) reference | J4: Method vs specification / when appropriate | K4: Reference verification status
A5: T01 | B5: Tensile test | C5: Yield/proof, UTS, elongation, reduction of area, modulus (indirect) | D5: Metals (all) | E5: Machined or full-section specimen per method, e.g. round Ø12.5 mm × 50 mm gauge (E8 standard) | F5: Needs calibrated extensometer for modulus; result depends on orientation, rate, temperature | G5: ASTM E8/E8M | H5: ISO 6892-1 | I5: IS 1608 (Part 1) | J5: Method standard — acceptance limits come from product spec/PO | K5: Conditionally verified
A6: T02 | B6: Tensile test (plastics) | C6: Tensile strength/modulus/elongation of plastics | D6: Polymers | E6: Dumbbell (Type I etc.), conditioned | F6: Rate/moisture sensitive | G6: ASTM D638 | H6: ISO 527-1/-2 | I6: — | J6: Method standard; datasheet states conditioning | K6: Conditionally verified
A7: T03 | B7: Tensile test (composites) | C7: In-plane tensile strength/modulus of polymer-matrix composites | D7: CFRP/GFRP | E7: Flat coupon with tabs | F7: Gripping failures; layup-specific | G7: ASTM D3039 | H7: ISO 527-4/-5 | I7: — | J7: Method standard | K7: Conditionally verified
A8: T04 | B8: Brinell hardness | C8: HBW — bulk hardness of soft/mid-hard metals, castings | D8: Steels, cast iron, non-ferrous | E8: Flat surface; thickness ≥10× indent depth; ball size/force per material | F8: Not for thin/hard (>650 HBW) parts | G8: ASTM E10 | H8: ISO 6506-1 | I8: IS 1500 (Part 1) | J8: Method standard; acceptance hardness from spec | K8: Conditionally verified
A9: T05 | B9: Rockwell hardness | C9: HRB/HRC etc. — rapid hardness | D9: Steels, Al, Cu alloys | E9: Smooth surface; thickness ≥10× depth; scale chosen by material | F9: Scale conversion is approximate | G9: ASTM E18 | H9: ISO 6508-1 | I9: IS 1586 (Part 1) | J9: Method standard | K9: Conditionally verified
A10: T06 | B10: Vickers hardness | C10: HV — hardness of thin sections, case depth profiles | D10: All metals, ceramics (micro) | E10: Polished surface; diagonals measured | F10: Microhardness scatter; load effects | G10: ASTM E92 (macro), E384 (micro) | H10: ISO 6507-1 | I10: IS 1501 (Part 1) (verify) | J10: Method standard | K10: Unverified
A11: T07 | B11: Hardness conversion | C11: Approximate conversion between scales/UTS | D11: Steels | E11: — | F11: Approximate only | G11: ASTM E140; A370 | H11: ISO 18265 | I11: — | J11: Informative | K11: Conditionally verified
A12: T08 | B12: Charpy impact | C12: Absorbed energy (J), transition behaviour | D12: Steels (BCC), some others | E12: 10×10×55 mm V-notch typical; temperature-controlled; ≥3 specimens typical | F12: Subsize specimens need correction; not a design property by itself | G12: ASTM E23 | H12: ISO 148-1 | I12: IS 1757 (Part 1) | J12: Method standard; temperature/energy from spec | K12: Conditionally verified
A13: T09 | B13: Izod/Charpy for plastics | C13: Impact resistance of plastics | D13: Polymers | E13: Notched specimens | F13: Notch sensitivity; not directly comparable to metals | G13: ASTM D256; D6110 (Charpy) | H13: ISO 180 / 179 | I13: — | J13: Method standard | K13: Conditionally verified
A14: T10 | B14: Bend test | C14: Ductility/ weld soundness | D14: Plate, welds | E14: Guided bend per method | F14: Qualitative pass/fail | G14: ASTM E290 | H14: ISO 7438 | I14: IS 1599 (verify) | J14: Method standard | K14: Unverified
A15: T11 | B15: Density measurement | C15: Bulk density; porosity indication | D15: Metals, ceramics, polymers | E15: Archimedes or geometric | F15: Open porosity affects result | G15: ASTM B311 (hardmetal), D792 (plastics), C373 (ceramics) | H15: ISO 1183-1, ISO 3369 | I15: — | J15: Method standards for different material classes | K15: Conditionally verified
... A48: T44 | B48: Water absorption | C48: Moisture uptake | D48: Polymers | E48: Dried/conditioned specimen | F48: Time/temperature dependent | G48: ASTM D570 | H48: ISO 62 | I48: — | J48: Method standard | K48: Conditionally verified

Sheet Standards Verification
A1: Sheet 7 — Standards Verification (14 supplied + supporting references)
A2: Full standard texts are paywalled and no network was available: titles/editions are recalled and must be confirmed in the ASTM/BIS catalogue. Nothing is marked Verified.
A4: ID | B4: Original designation | C4: Corrected designation | D4: Official title (recalled) | E4: Organisation | F4: Document type | G4: Revision status | H4: Latest edition (recalled) | I4: Scope / applicability | J4: Supplied-claim issue | K4: Official source (catalogue home) | L4: Verification status | M4: Notes
A5: S01 | B5: ASTM B117 | C5: ASTM B117 | D5: Standard Practice for Operating Salt Spray (Fog) Apparatus | E5: ASTM | F5: Practice (apparatus operation) | G5: Active (recalled) | H5: B117-19 (recalled) | I5: Operation of salt-fog apparatus for corrosion screening | J5: Described as 'salt-spray testing' — it is an apparatus practice; it defines no pass/fail and does not predict service life | K5: https://www.astm.org/ | L5: Conditionally verified | M5: Acceptance criteria come from the coating/product spec.
A6: S02 | B6: ASTM E165/E165M | C6: ASTM E165/E165M (also see E1417/E1417M) | D6: Standard Practice for Liquid Penetrant Testing for General Industry (older title used 'Examination') | E6: ASTM | F6: Practice | G6: Active (recalled); title wording changed over revisions | H6: Not confirmed | I6: Liquid penetrant testing for general industry (surface-open flaws, non-porous materials) | J6: Title wording 'examination' may be an older title — confirm current wording | K6: https://www.astm.org/ | L6: Conditionally verified | M6: Full text not examined.
A7: S03 | B7: ASTM E1444/E1444M | C7: ASTM E1444/E1444M | D7: Standard Practice for Magnetic Particle Testing (older: 'Examination') | E7: ASTM | F7: Practice | G7: Active (recalled) | H7: Not confirmed | I7: MT of ferromagnetic materials | J7: Title wording may differ by edition | K7: https://www.astm.org/ | L7: Conditionally verified | M7: Full text not examined.
A8: S04 | B8: ASTM E164 | C8: ASTM E164 (status unverified) | D8: Standard Practice for Contact Ultrasonic Testing of Weldments | E8: ASTM | F8: Practice | G8: UNVERIFIED — current/withdrawn status could not be confirmed | H8: Not confirmed | I8: Contact UT of weldments | J8: User flagged 'subject to scope verification' — status itself uncertain | K8: https://www.astm.org/ | L8: Unverified | M8: Check ASTM catalogue before citing; ISO 17640 is the ISO counterpart.
A9: S05 | B9: ASTM E1742/E1742M | C9: ASTM E1742/E1742M | D9: Standard Practice for Radiographic Examination | E9: ASTM | F9: Practice | G9: Active (recalled) | H9: Not confirmed | I9: Radiographic examination of metallic/non-metallic materials | J9: — | K9: https://www.astm.org/ | L9: Conditionally verified | M9: Full text not examined.
A10: S06 | B10: ASTM E3 | C10: ASTM E3 | D10: Standard Guide for Preparation of Metallographic Specimens | E10: ASTM | F10: Guide | G10: Active (recalled) | H10: E3-11(2017) (recalled) | I10: Specimen preparation for metallography | J10: It is a Guide (not a test method) | K10: https://www.astm.org/ | L10: Conditionally verified | M10: Guides give no acceptance criteria.
A11: S07 | B11: IS 1608 (Part 1) | C11: IS 1608 (Part 1) | D11: Metallic materials — Tensile testing: Part 1 Method of test at room temperature | E11: BIS | F11: Test method | G11: Active (recalled) | H11: 2022 (recalled) | I11: Room-temperature tensile test (aligned with ISO 6892-1) | J11: Part number consistent; elevated temperature is a separate part | K11: https://www.bis.gov.in/ | L11: Conditionally verified | M11: Edition year not independently confirmed.
A12: S08 | B12: IS 1500 (Part 1) | C12: IS 1500 (Part 1) | D12: Metallic materials — Brinell hardness test: Part 1 Test method | E12: BIS | F12: Test method | G12: Active (recalled) | H12: 2019 (recalled) | I12: Brinell hardness (aligned with ISO 6506-1) | J12: — | K12: https://www.bis.gov.in/ | L12: Conditionally verified | M12: Edition year not independently confirmed.
A13: S09 | B13: IS 1586 (Part 1) | C13: IS 1586 (Part 1) | D13: Metallic materials — Rockwell hardness test: Part 1 Test method | E13: BIS | F13: Test method | G13: Active (recalled) | H13: 2018 (recalled) | I13: Rockwell hardness (aligned with ISO 6508-1) | J13: — | K13: https://www.bis.gov.in/ | L13: Conditionally verified | M13: Edition year not independently confirmed.
A14: S10 | B14: IS 1757 (Part 1) | C14: IS 1757 (Part 1) | D14: Metallic materials — Charpy pendulum impact test: Part 1 Test method | E14: BIS | F14: Test method | G14: Active (recalled) | H14: 2014 (recalled) | I14: Charpy pendulum impact (aligned with ISO 148-1) | J14: — | K14: https://www.bis.gov.in/ | L14: Conditionally verified | M14: Edition year not independently confirmed.
A15: S11 | B15: IS 2062 | C15: IS 2062:2011 (verify later amendments) | D15: Hot rolled medium and high tensile structural steel — Specification | E15: BIS | F15: Product specification | G15: Active (recalled) | H15: 2011 (recalled) | I15: Grades E250–E650 with quality designations A, BR, B0, C | J15: Grade designation alone (E250/E350) is incomplete without quality designation | K15: https://www.bis.gov.in/ | L15: Conditionally verified | M15: A product spec, not a test method.
... A19: S15 | B19: ASTM E8/E8M | C19: ASTM E8/E8M | D19: Standard Test Methods for Tension Testing of Metallic Materials | E19: ASTM | F19: Test method | G19: Active (recalled) | H19: E8/E8M-22 (recalled) | I19: Metal tensile testing | J19: — | K19: https://www.astm.org/ | L19: Conditionally verified | M19: Cited for tensile tests.
A20: S16 | B20: ASTM E10 | C20: ASTM E10 | D20: Standard Test Method for Brinell Hardness of Metallic Materials | E20: ASTM | F20: Test method | G20: Active (recalled) | H20: Not confirmed | I20: Brinell hardness | J20: — | K20: https://www.astm.org/ | L20: Conditionally verified
A21: S17 | B21: ASTM E18 | C21: ASTM E18 | D21: Standard Test Methods for Rockwell Hardness of Metallic Materials | E21: ASTM | F21: Test method | G21: Active (recalled) | H21: Not confirmed | I21: Rockwell hardness | J21: — | K21: https://www.astm.org/ | L21: Conditionally verified
A22: S18 | B22: ASTM E23 | C22: ASTM E23 | D22: Standard Test Methods for Notched Bar Impact Testing of Metallic Materials | E22: ASTM | F22: Test method | G22: Active (recalled) | H22: Not confirmed | I22: Charpy/Izod for metals | J22: — | K22: https://www.astm.org/ | L22: Conditionally verified
A23: S19 | B23: ASTM E112 | C23: ASTM E112 | D23: Standard Test Methods for Determining Average Grain Size | E23: ASTM | F23: Test method | G23: Active (recalled) | H23: Not confirmed | I23: Grain size by comparison/intercept/planimetric | J23: — | K23: https://www.astm.org/ | L23: Conditionally verified | M23: Used in grain-structure sheet.
A24: S20 | B24: ASTM E45 | C24: ASTM E45 | D24: Standard Test Methods for Determining the Inclusion Content of Steel | E24: ASTM | F24: Test method | G24: Active (recalled) | H24: Not confirmed | I24: Inclusion rating | J24: — | K24: https://www.astm.org/ | L24: Conditionally verified
A25: S21 | B25: ASTM A240/A240M | C25: ASTM A240/A240M | D25: Standard Specification for Chromium and Chromium-Nickel Stainless Steel Plate, Sheet, and Strip for Pressure Vessels and for General Applications | E25: ASTM | F25: Product specification | G25: Active (recalled) | H25: Not confirmed | I25: Stainless plate/sheet/strip | J25: — | K25: https://www.astm.org/ | L25: Conditionally verified | M25: Property minima used in Sheet 3.
A26: S22 | B26: ASTM A262 | C26: ASTM A262 | D26: Standard Practices for Detecting Susceptibility to Intergranular Attack in Austenitic Stainless Steels | E26: ASTM | F26: Practice | G26: Active (recalled) | H26: Not confirmed | I26: IGC screening (practices A–F) | J26: — | K26: https://www.astm.org/ | L26: Conditionally verified
A27: S23 | B27: ASTM A29/A29M | C27: ASTM A29/A29M | D27: Standard Specification for Steel Bars, Carbon and Alloy, Hot-Wrought, General Requirements | E27: ASTM | F27: Product specification (general requirements) | G27: Active (recalled) | H27: Not confirmed | I27: Chemistry/tolerances for carbon & alloy bar | J27: — | K27: https://www.astm.org/ | L27: Conditionally verified
A28: S24 | B28: ASTM D638 | C28: ASTM D638 | D28: Standard Test Method for Tensile Properties of Plastics | E28: ASTM | F28: Test method | G28: Active (recalled) | H28: Not confirmed | I28: Plastics tensile | J28: — | K28: https://www.astm.org/ | L28: Conditionally verified
A29: S25 | B29: ASTM C1161 | C29: ASTM C1161 | D29: Standard Test Method for Flexural Strength of Advanced Ceramics at Ambient Temperature | E29: ASTM | F29: Test method | G29: Active (recalled) | H29: Not confirmed | I29: Ceramic flexure | J29: — | K29: https://www.astm.org/ | L29: Conditionally verified
A30: S26 | B30: ASTM D3039/D3039M | C30: ASTM D3039/D3039M | D30: Standard Test Method for Tensile Properties of Polymer Matrix Composite Materials | E30: ASTM | F30: Test method | G30: Active (recalled) | H30: Not confirmed | I30: Composite tension | J30: — | K30: https://www.astm.org/ | L30: Conditionally verified
A31: S27 | B31: ISO 6892-1 | C31: ISO 6892-1 | D31: Metallic materials — Tensile testing — Part 1: Method of test at room temperature | E31: ISO | F31: Test method | G31: Active (recalled) | H31: Not confirmed | I31: Counterpart of IS 1608 (Part 1) | J31: — | K31: https://www.iso.org/ | L31: Conditionally verified

Sheet Errors & Corrections
A1: Sheet 8 — Errors and Corrections
A2: Original claim → detected issue → correction. Status shows the verification state of the correction itself.
A4: ID | B4: Source | C4: Original claim | D4: Detected issue / correction | E4: Technical reasoning | F4: Downstream effects | G4: Evidence | H4: Status
A5: E01 | B5: Upload rows 28–30 | C5: EN8, EN19, EN24 listed as grades | D5: Legacy BS 970 designations (080M40, 709M40/708M40, 817M40); BS 970 withdrawn/replaced by BS EN 10083 | E5: Designations obsolete; modern grades similar but chemistry/test requirements differ | F5: No properties assigned to EN8/EN19/EN24; use C45/42CrMo4/34CrNiMo6 with EN 10083 specs | G5: Recalled standards history (not re-fetched) | H5: Incorrect
A6: E02 | B6: Upload row 9 | C6: 'AISI 1045 / C45' implies equivalence | D6: Treat as similar, not identical | E6: AISI/SAE limits (Mn, P, S) differ from EN 10083-2 C45 ranges | F6: Properties in Sheet 3 recorded for AISI 1045 only | G6: Recalled chemistry limits | H6: Conditionally verified
A7: E03 | B7: Upload row 17 | C7: 'AISI 4140 / 42CrMo4' | D7: Similar, not identical (Cr 0.80–1.10 vs 0.90–1.20; Mo 0.15–0.25 vs 0.15–0.30; Mn 0.75–1.00 vs 0.60–0.90, recalled) | E7: Different chemistry windows can change hardenability | F7: Properties recorded for AISI 4140 only | G7: Recalled chemistry limits | H7: Conditionally verified
A8: E04 | B8: Upload row 52 | C8: 'AISI 52100 / 100Cr6' | D8: Close, not identical; verify via ASTM A295 vs ISO 683-17 | E8: Cr/Mn/Si limits differ slightly | F8: Bearing-grade cleanliness must be specified separately | G8: Recalled | H8: Conditionally verified
A9: E05 | B9: Upload rows 31–44 | C9: 'SS 201/304/…' naming | D9: Use ASTM A240 Type/UNS/EN 10088/IS 6911 designation | E9: 'SS xxx' is not a standard designation system | F9: Prevents 201/304 mix-ups in procurement | G9: Recalled UNS numbers | H9: Conditionally verified
A10: E06 | B10: Upload rows 23, 24, 55 | C10: 40Cr, 20CrMo, 65Mn | D10: Chinese GB/T designations; no BIS/ASTM equivalence asserted | E10: Equivalence requires published cross-reference | F10: No numerical properties recorded | G10: Recalled | H10: Conditionally verified
A11: E07 | B11: Upload rows 91–95, 122, 125, 126, 131, 132 | C11: Trade names (Inconel, Monel, Hastelloy, Nitinol, Hardox) | D11: Use UNS/ASTM designations; Hardox is SSAB-proprietary | E11: Trade names are not standards | F11: Hardox properties = manufacturer datasheet | G11: Recalled | H11: Conditionally verified
A12: E08 | B12: Upload rows 111–121, 123, 124, 129 | C12: Under-specified materials (PET-P, alumina, SiC, ZrO2, Si3N4, CFRP, GFRP, aramid, CoCr, graphite, CuBe) | D12: Specify exact grade/class (purity, sinter route, layup, ASTM F75/F1537/F90, etc.) | E12: Properties vary several-fold | F12: Only indicative ranges recorded, marked Low confidence | G12: Judgement | H12: Unverified
A13: E09 | B13: Upload row 43 | C13: Duplex 2205 | D13: UNS S32205 and older S31803 both exist (S32205 has tighter N/Cr/Mo limits) | E13: Two UNS numbers cause confusion | F13: Property row uses S32205 A240 minima | G13: Recalled | H13: Conditionally verified
A14: E10 | B14: Upload row 44 | C14: 17-4 PH without condition | D14: Condition H900–H1150 required | E14: Strength/toughness vary strongly with ageing | F14: Property row recorded for H1025 only | G14: Recalled | H14: Conditionally verified
A15: E11 | B15: Upload rows 12–13 | C15: IS 2062 E250/E350 without quality designation | D15: Add A / BR / B0 / C and thickness band | E15: Impact and test options depend on designation | F15: Properties listed as minima for ≤20 mm only | G15: Recalled | H15: Conditionally verified
... A26: E22 | B26: Master prompt §8 | C26: Target 90–95% verified coverage | D26: Not achievable in this session: no network/authoritative source access | E26: Strict coverage counts only items checked against official documents | F26: Coverage reported as strict and conditional | G26: Executive Summary | H26: Unverified

Sheet Industry Considerations
A1: Sheet 9 — Industry Considerations (reviewer's additions)
A2: Practical issues that decide real-world material success. Numbers are approximate/typical and marked for verification; this sheet is advisory and excluded from verification coverage.
A4: ID | B4: Topic | C4: Category | D4: Materials affected | E4: What happens / why it matters | F4: Typical numbers / limits (approx.) | G4: Control / mitigation | H4: Relevant standard / test (verify) | I4: Status
A5: I01 | B5: Sensitisation / intergranular corrosion | C5: Corrosion | D5: Austenitic SS (304, 316, 321 vs L grades) | E5: Cr carbides precipitate at grain boundaries when held ≈450–850 °C, depleting adjacent Cr | F5: Risk rises with carbon and exposure time | G5: Use L or stabilised (321/347) grades; solution anneal after welding if needed | H5: ASTM A262 (verify practice letter for service) | I5: Advisory (not counted)
A6: I02 | B6: Chloride stress-corrosion cracking & pitting | C6: Corrosion | D6: 304/316, duplex, 17-4 PH | E6: Tensile stress + chlorides + temperature causes cracking; pitting ranks by PREN | F6: Austenitic SCC concern generally above ≈50–60 °C in chlorides | G6: Choose duplex/super-duplex/Ni alloys/Ti; reduce stress; coatings | H6: ASTM G48 (pitting/crevice), G36 (verify) | I6: Advisory (not counted)
A7: I03 | B7: Sigma phase / 475 °C embrittlement | C7: Metallurgy | D7: Duplex, ferritic, 310S | E7: Intermetallic σ (≈600–1000 °C) and α′ (≈400–540 °C) cause toughness loss | F7: Duplex service limit commonly ≈250–300 °C | G7: Respect temperature limits; control weld heat input; solution anneal | H7: Charpy; ASTM A923 (verify) | I7: Advisory (not counted)
A8: I04 | B8: Ductile-to-brittle transition (BCC) | C8: Fracture | D8: Carbon/low-alloy steels, ferritic SS, Mo, W | E8: BCC metals lose toughness at low temperature/high strain rate; FCC (Al, Cu, austenitic, Ni) do not | F8: Transition temperature depends on grain size, composition, thickness | G8: Specify impact test temperature; use fine-grain/Ni steels or FCC alloys for cold service | H8: ASTM E23 / IS 1757 (Part 1) / ISO 148-1 | I8: Advisory (not counted)
A9: I05 | B9: Hydrogen embrittlement | C9: Environment | D9: High-strength steels, 17-4 PH H900, Ti, some Ni alloys | E9: Atomic H from plating/pickling/cathodic protection causes delayed brittle fracture | F9: Susceptibility rises above ≈1000–1200 MPa (≈ >32–35 HRC) | G9: Baking after plating (e.g. ≈190–220 °C for hours per ASTM B850, verify); limit hardness | H9: ASTM F519 (verify), B850 | I9: Advisory (not counted)
A10: I06 | B10: Temper & tempered-martensite embrittlement | C10: Heat treatment | D10: 4130/4140/4340, Cr-Ni-Mo steels | E10: Tempering ≈250–400 °C (TME) or slow-cooling through ≈375–575 °C (temper embrittlement from P, Sn, Sb, As) reduces toughness | F10: Mo additions reduce susceptibility | G10: Avoid embrittling temper ranges; cleaner steel; rapid cooling after temper | H10: Charpy transition curves | I10: Advisory (not counted)
A11: I07 | B11: Weld cold cracking & carbon equivalent | C11: Welding | D11: Medium/high-carbon & alloy steels, HSLA | E11: Hard HAZ + hydrogen + residual stress → cracking | F11: IIW CE > ≈0.4 raises preheat need (thickness & process dependent) | G11: Preheat, low-hydrogen consumables, PWHT, interpass control | H11: EN 1011-2, AWS D1.1 (verify) | I11: Advisory (not counted)
A12: I08 | B12: Weld HAZ softening of aluminium | C12: Welding | D12: 6061-T6, 7xxx, 2xxx, work-hardened 5xxx | E12: Precipitates dissolve/coarsen in HAZ; T6 strength can fall by >40% locally | F12: Design codes apply HAZ reduction factors | G12: Design for HAZ strength; post-weld ageing where possible; choose 5xxx for welded structures | H12: Weld procedure qualification; hardness traverse | I12: Advisory (not counted)
A13: I09 | B13: Stress-corrosion in 7xxx and 2xxx aluminium | C13: Corrosion | D13: 7075-T6, 2024-T3 | E13: SCC in short-transverse grain direction; exfoliation | F13: T73/T76 overaged tempers resist SCC with strength penalty | G13: Avoid sustained tensile stress in ST direction; select T73 | H13: ASTM G47, G34 (verify) | I13: Advisory (not counted)
A14: I10 | B14: Galvanic corrosion | C14: Corrosion | D14: Mg, Al with Cu/steel/CFRP/SS | E14: Dissimilar metals in electrolyte; carbon fibre is strongly cathodic to Al/Mg/steel | F14: Area ratio (large cathode/small anode) is worst | G14: Isolate (sealants/insulating layers), coatings, compatible pairs | H14: ASTM G71 (verify) | I14: Advisory (not counted)
A15: I11 | B15: Cast iron behaviour | C15: Design | D15: Gray & ductile iron | E15: Gray: low tensile, high compressive (≈3–4× tensile), high damping, notch-insensitive; ductile: notch-sensitive tougher | F15: Compressive/tensile ratio approximate | G15: Use ductile iron where shock/tension matter; check section-size effects | H15: IS 210, IS 1865, EN 1561/1563 | I15: Advisory (not counted)
... A39: I35 | B39: Export control / regulated alloys | C39: Regulatory | D39: Ti alloys, Ni superalloys, Be, composites | E39: Some alloys/forms are export-controlled or require end-use declarations | F39: Jurisdiction-specific | G39: Check regulations before export/import | H39: — | I39: Advisory (not counted)

Sheet Material Selection Report
A1: Sheet 10 — Material Selection Report
A2: Selection is multi-criteria: strength alone never decides. Cost entries are qualitative and unverified. Candidates are options, not recommendations without application data.
A4: Application | B4: Governing criteria | C4: Candidate (condition) | D4: Advantages | E4: Trade-offs / risks | F4: Required verification tests | G4: Cost note (qualitative, unverified)
A5: Robot chassis | B5: Stiffness-to-weight, weldability/joining, cost, vibration | C5: 6061-T6 plate/extrusion | D5: Good E/ρ, machinable, corrosion-resistant, widely available | E5: Weld HAZ softening; lower fatigue strength than steel | F5: Tensile/hardness on lot; weld NDT; modal/vibration test | G5: Low–medium (qualitative, unverified)
A6: Robot chassis | B6: (as above) | C6: 5052-H32 / 5083 sheet | D6: Formable, weldable, good corrosion resistance | E6: Lower strength than 6061-T6 | F6: Bend test; weld inspection | G6: Low–medium
A7: Robot chassis | B7: (as above) | C7: CFRP laminate/sandwich | D7: Highest specific stiffness; low mass | E7: Cost, joining, damage tolerance, galvanic with Al | F7: D3039/D7264/D2344 coupons; UT/thermography | G7: High
A8: Robot chassis | B8: (as above) | C8: IS 2062 E250 / A36 steel | D8: Lowest cost, easy welding, stiff | E8: Heavy; corrosion protection needed | F8: Tensile/MTC; weld NDT | G8: Low
A9: Robotic arm | B9: Stiffness (deflection), mass, fatigue, repeatability | C9: 7075-T6 / 6061-T6 | D9: Light, strong; 6061 weldable | E9: 7075 SCC-sensitive, not fusion-weldable | F9: Tensile/hardness; conductivity temper check | G9: Medium
A10: Robotic arm | B10: (as above) | C10: CFRP tubes | D10: High specific stiffness, damping | E10: Impact damage, joints, cost | F10: D3039/D7264; ILSS; NDT | G10: High
A11: Robotic arm | B11: (as above) | C11: Ti-6Al-4V | D11: High specific strength, corrosion resistance | E11: Low stiffness vs steel at same section, cost | F11: Tensile, microstructure, fatigue | G11: High
A12: Shaft | B12: Fatigue strength, torsion, notch sensitivity, wear/corrosion | C12: AISI 1045 / C45 (Q&T) | D12: Economical, machinable | E12: Moderate hardenability | F12: Tensile, hardness, impact if specified | G12: Low
A13: Shaft | B13: (as above) | C13: AISI 4140 / 42CrMo4 or 4340 (Q&T) | D13: High strength/toughness; deeper hardening | E13: Temper embrittlement/H2 risk at high strength | F13: Tensile, Charpy, hardness; UT/MPI for critical bars | G13: Medium
A14: Shaft | B14: (as above) | C14: 17-4 PH H1025 / 316L | D14: Corrosion resistance (17-4 strong, 316L weak) | E14: 316L low strength; 17-4 SCC risk in some tempers | F14: Tensile, hardness, corrosion test per service | G14: Medium–high
A15: Gear | B15: Contact & bending fatigue, hardness, wear, quiet running | C15: 8620 / 20MnCr5 / 16MnCr5 (carburised) | D15: Hard case + tough core | E15: Distortion; case-depth control | F15: Case depth, core hardness, microstructure, MPI after grinding | G15: Medium
... A28: High-temperature component | B28: (as above) | C28: Mo / W (inert atmosphere only) | D28: Very high melting point | E28: Oxidise in air; brittle near RT | F28: Atmosphere control, bend/tensile | G28: High
A31: Performance indices (formula-driven from Sheet 3) — stiffness- or strength-limited lightweight design
A32: E^½/ρ: stiffness-limited light beam; σ^⅔/ρ: strength-limited light beam; E/ρ: stiffness-limited tie/column. CFRP is valid along fibres only. Strength = YS where available, else UTS. Higher is better.
A33: Material | B33: Condition | C33: ρ (Mg/m³) | D33: E (GPa) | E33: Strength σ (MPa) | F33: E/ρ | G33: E^½/ρ | H33: σ^⅔/ρ | I33: σ/ρ (MPa per Mg/m³) | J33: Rank E^½/ρ | K33: Rank σ^⅔/ρ
A34: ='Material Properties'!C7 -> ASTM A36 | B34: ='Material Properties'!D7 -> Plate/shapes (specified) | C34: ='Material Properties'!G7 -> 7.85 | D34: ='Material Properties'!H7 -> 200 | E34: =IF(ISNUMBER('Material Properties'!K7),'Material Properties'!K7,'Material Properties'!L7) -> 250 | F34: =D34/C34 -> 25.477707 | G34: =SQRT(D34)/C34 -> 1.8015459 | H34: =E34^(2/3)/C34 -> 5.0554174 | I34: =E34/C34 -> 31.847134 | J34: =RANK(G34,$G$34:$G$44) -> 9 | K34: =RANK(H34,$H$34:$H$44) -> 11
A35: ='Material Properties'!C13 -> AISI 4140 | B35: ='Material Properties'!D13 -> Q&T (oil quench, ≈650 °C temper) | C35: ='Material Properties'!G13 -> 7.85 | D35: ='Material Properties'!H13 -> 205 | E35: =IF(ISNUMBER('Material Properties'!K13),'Material Properties'!K13,'Material Properties'!L13) -> 655 | F35: =D35/C35 -> 26.11465 | G35: =SQRT(D35)/C35 -> 1.8239263 | H35: =E35^(2/3)/C35 -> 9.607813 | I35: =E35/C35 -> 83.43949 | J35: =RANK(G35,$G$34:$G$44) -> 7 | K35: =RANK(H35,$H$34:$H$44) -> 9
A36: ='Material Properties'!C20 -> 17-4 PH (UNS S17400) | B36: ='Material Properties'!D20 -> Condition H1025 (A564 min) | C36: ='Material Properties'!G20 -> 7.78 | D36: ='Material Properties'!H20 -> 197 | E36: =IF(ISNUMBER('Material Properties'!K20),'Material Properties'!K20,'Material Properties'!L20) -> 1000 | F36: =D36/C36 -> 25.321337 | G36: =SQRT(D36)/C36 -> 1.8040705 | H36: =E36^(2/3)/C36 -> 12.85347 | I36: =E36/C36 -> 128.5347 | J36: =RANK(G36,$G$34:$G$44) -> 8 | K36: =RANK(H36,$H$34:$H$44) -> 7
A37: ='Material Properties'!C37 -> AA 6061-T6 | B37: ='Material Properties'!D37 -> Sheet/plate/extrusion (typical) | C37: ='Material Properties'!G37 -> 2.7 | D37: ='Material Properties'!H37 -> 68.9 | E37: =IF(ISNUMBER('Material Properties'!K37),'Material Properties'!K37,'Material Properties'!L37) -> 276 | F37: =D37/C37 -> 25.518519 | G37: =SQRT(D37)/C37 -> 3.0742972 | H37: =E37^(2/3)/C37 -> 15.700336 | I37: =E37/C37 -> 102.22222 | J37: =RANK(G37,$G$34:$G$44) -> 4 | K37: =RANK(H37,$H$34:$H$44) -> 6
A38: ='Material Properties'!C38 -> AA 7075-T6 | B38: ='Material Properties'!D38 -> Sheet/plate (typical) | C38: ='Material Properties'!G38 -> 2.81 | D38: ='Material Properties'!H38 -> 71.7 | E38: =IF(ISNUMBER('Material Properties'!K38),'Material Properties'!K38,'Material Properties'!L38) -> 503 | F38: =D38/C38 -> 25.516014 | G38: =SQRT(D38)/C38 -> 3.0133755 | H38: =E38^(2/3)/C38 -> 22.508109 | I38: =E38/C38 -> 179.00356 | J38: =RANK(G38,$G$34:$G$44) -> 5 | K38: =RANK(H38,$H$34:$H$44) -> 2
A39: ='Material Properties'!C42 -> AA 5083-H111 | B39: ='Material Properties'!D42 -> EN 485-2 minima | C39: ='Material Properties'!G42 -> 2.66 | D39: ='Material Properties'!H42 -> 71 | E39: =IF(ISNUMBER('Material Properties'!K42),'Material Properties'!K42,'Material Properties'!L42) -> 125 | F39: =D39/C39 -> 26.691729 | G39: =SQRT(D39)/C39 -> 3.1677255 | H39: =E39^(2/3)/C39 -> 9.3984962 | I39: =E39/C39 -> 46.992481 | J39: =RANK(G39,$G$34:$G$44) -> 3 | K39: =RANK(H39,$H$34:$H$44) -> 10
A40: ='Material Properties'!C53 -> AZ31B | B40: ='Material Properties'!D53 -> O-temper sheet (typical) | C40: ='Material Properties'!G53 -> 1.77 | D40: ='Material Properties'!H53 -> 45 | E40: =IF(ISNUMBER('Material Properties'!K53),'Material Properties'!K53,'Material Properties'!L53) -> 150 | F40: =D40/C40 -> 25.423729 | G40: =SQRT(D40)/C40 -> 3.7899457 | H40: =E40^(2/3)/C40 -> 15.949763 | I40: =E40/C40 -> 84.745763 | J40: =RANK(G40,$G$34:$G$44) -> 2 | K40: =RANK(H40,$H$34:$H$44) -> 5
A41: ='Material Properties'!C52 -> Ti-6Al-4V Gr 5 | B41: ='Material Properties'!D52 -> Annealed (B265 min) | C41: ='Material Properties'!G52 -> 4.43 | D41: ='Material Properties'!H52 -> 113.8 | E41: =IF(ISNUMBER('Material Properties'!K52),'Material Properties'!K52,'Material Properties'!L52) -> 825 | F41: =D41/C41 -> 25.688488 | G41: =SQRT(D41)/C41 -> 2.4080606 | H41: =E41^(2/3)/C41 -> 19.856327 | I41: =E41/C41 -> 186.23025 | J41: =RANK(G41,$G$34:$G$44) -> 6 | K41: =RANK(H41,$H$34:$H$44) -> 3
A42: ='Material Properties'!C76 -> CFRP UD epoxy (Vf≈0.6) | B42: ='Material Properties'!D76 -> 0° direction | C42: ='Material Properties'!G76 -> 1.56 | D42: ='Material Properties'!H76 -> 135 | E42: =IF(ISNUMBER('Material Properties'!K76),'Material Properties'!K76,'Material Properties'!L76) -> 1800 | F42: =D42/C42 -> 86.538462 | G42: =SQRT(D42)/C42 -> 7.4480449 | H42: =E42^(2/3)/C42 -> 94.854311 | I42: =E42/C42 -> 1153.8462 | J42: =RANK(G42,$G$34:$G$44) -> 1 | K42: =RANK(H42,$H$34:$H$44) -> 1
A43: ='Material Properties'!C57 -> UNS N07718 | B43: ='Material Properties'!D57 -> Solution + aged (AMS-type minimum, approx.) | C43: ='Material Properties'!G57 -> 8.19 | D43: ='Material Properties'!H57 -> 200 | E43: =IF(ISNUMBER('Material Properties'!K57),'Material Properties'!K57,'Material Properties'!L57) -> 1034 | F43: =D43/C43 -> 24.420024 | G43: =SQRT(D43)/C43 -> 1.7267565 | H43: =E43^(2/3)/C43 -> 12.485227 | I43: =E43/C43 -> 126.25153 | J43: =RANK(G43,$G$34:$G$44) -> 10 | K43: =RANK(H43,$H$34:$H$44) -> 8
A44: ='Material Properties'!C67 -> PEEK | B44: ='Material Properties'!D67 -> Unfilled | C44: ='Material Properties'!G67 -> 1.3 | D44: ='Material Properties'!H67 -> 3.6 | E44: =IF(ISNUMBER('Material Properties'!K67),'Material Properties'!K67,'Material Properties'!L67) -> 100 | F44: =D44/C44 -> 2.7692308 | G44: =SQRT(D44)/C44 -> 1.4595128 | H44: =E44^(2/3)/C44 -> 16.572575 | I44: =E44/C44 -> 76.923077 | J44: =RANK(G44,$G$34:$G$44) -> 11 | K44: =RANK(H44,$H$34:$H$44) -> 4

Sheet Sources & Assumptions
A1: Sheet 11 — Sources, Assumptions, Unresolved Items
A4: Source | B4: Used for | C4: Official URL (home page — search by designation) | D4: Access note
A5: ASTM International | B5: Standards catalogue (titles, editions, status) | C5: https://www.astm.org/ | D5: Standard texts are paywalled; only catalogue entries accessible online — not accessed in this session
A6: Bureau of Indian Standards (BIS) | B6: IS catalogue / standards portal | C6: https://www.bis.gov.in/ | D6: Search IS number in the BIS catalogue — not accessed in this session
A7: ISO | B7: ISO standards catalogue | C7: https://www.iso.org/ | D7: Not accessed in this session
A8: ASM International | B8: ASM Handbooks (property data) | C8: https://www.asminternational.org/ | D8: Values recalled from general handbook knowledge, not re-fetched
A9: MatWeb | B9: Typical material datasheets | C9: https://www.matweb.com/ | D9: Values recalled, not re-fetched
A10: NIST | B10: Reference data | C10: https://www.nist.gov/ | D10: Not accessed
A11: The Aluminum Association | B11: Alloy/temper designations | C11: https://www.aluminum.org/ | D11: Not accessed
A12: SSAB (Hardox) | B12: Manufacturer datasheets | C12: https://www.ssab.com/ | D12: Manufacturer values change by revision; verify current datasheet
A13: Special Metals | B13: Ni-alloy datasheets | C13: https://www.specialmetals.com/ | D13: Not accessed
A16: Assumptions & status definitions
A17: A1 | B17: No network or authoritative-document access was available in this session; all property values and standard information were recalled from training knowledge and marked Conditionally verified or Unverified accordingly. Nothing is marked 'Verified' except arithmetic and unit checks.
A18: A2 | B18: 'Verified' = checked against an authoritative source or independently recalculated; 'Conditionally verified' = consistent with recalled handbook/standard information but not checked against the document; 'Unverified' = cannot be confirmed or under-specified; 'Incorrect' = supplied claim contains an error.
A19: A3 | B19: Values labelled Typical are handbook-type figures; values labelled Specified minimum come from product standards and are not guaranteed design allowables.
A20: A4 | B20: All property values are room-temperature unless stated; test temperature column supplied.
A21: A5 | B21: Specific strength uses UTS if present, otherwise YS; specific stiffness uses E. Shear modulus is derived assuming isotropy.
A22: A6 | B22: Hall–Petch, Goodman, Archard and Larson–Miller worked examples use illustrative assumed parameters (labelled) — not fitted to a specific dataset.
A23: A7 | B23: Gap-list grades are suggestions and are excluded from coverage counts.
A24: A8 | B24: Cost entries are qualitative and unverified.
A27: Unresolved items
A28: U1 | B28: Confirm current/withdrawn status of ASTM E164.
A29: U2 | B29: Confirm current edition/revision status of IS 1865 and all IS edition years in Standards sheet.
A30: U3 | B30: Check exact current titles (E165/E165M, E1444/E1444M, E1742/E1742M) in the ASTM catalogue.
A31: U4 | B31: Re-fetch grade-specific property values from ASM/manufacturer datasheets and record publication dates.
A32: U5 | B32: Resolve under-specified materials (ceramics, composites, CoCr, graphite, CuBe) by choosing exact grades.
A33: U6 | B33: Add fatigue, impact and fracture-toughness values with test conditions for critical grades.
A36: Colour legend
A37: Sourced / recalled value
A38: Assumed input (editable)
A39: Linked from another sheet
A40: Calculated by formula
